ID,Label,Following,Followers,Tweets_count,Favourites,Time_Zone,Location
ToniSKZ,ToniSKZ,465,86,3033,4370,Pacific Time (US & Canada),Mdd
Peregrinx,Peregrinx,105,11,68,35,Madrid,
ferotecas,ferotecas,1215,1015,44783,9344,Pacific Time (US & Canada),Vigo-Galicia
dani_nite,dani_nite,707,871,53704,11749,Athens,ɨռռɛʀաօʀʟɖ | ѧяm•psєċ 
MrGris949,MrGris949,58,33,4794,2710,,Mmm... creo que me perdí
fandelat3,fandelat3,58,1138,151383,37448,Athens,Lluitant per un món millor.
CJuanatey,CJuanatey,2496,1289,12623,1015,Greenland,Compostela
deathlesssong,deathlesssong,226,182,16533,15749,,"Palacios del Sil, España"
JuanmaMM98,JuanmaMM98,191,45,1283,653,,
irene_3098,irene_3098,873,1429,33425,58205,Amsterdam,Lleida/Londres
M1GU3L_MP,M1GU3L_MP,1653,1080,26540,11699,Madrid,"Irun, Euskal Herria"
IrisDM7,IrisDM7,281,445,12846,1982,Greenland,en extinción
prazadorei,prazadorei,359,374,16229,3783,Madrid,"Vigo, Pontevedra, Galiza."
ANTONIACUE,ANTONIACUE,1674,1666,220393,17771,,ESPAÑA
MadeInYW,MadeInYW,232,2760,49881,25960,Pacific Time (US & Canada),Nowhere
KARLOSGARCIA75,KARLOSGARCIA75,221,403,34119,46830,,
bette_noir__,bette_noir__,2762,1268,59619,24262,Athens,
penefurtivo,penefurtivo,107,36,164,629,,Jaén
Aidape_96,Aidape_96,633,664,11791,6265,London,Fleet Street
bobfabulosa,bobfabulosa,294,430,11376,11392,Athens,Talavera no es España.
CayedoggPs4,CayedoggPs4,407,404,20108,2961,,Las Torres Gemelas
raeworld11,raeworld11,94,80,2509,3197,Madrid,
42franmarma,42franmarma,1994,2134,87870,36277,Belgrade,"Andalucía, sevilla"
PewPewGrrrl,PewPewGrrrl,501,8847,419621,275474,Madrid,veganismo o barbarie Ⓥ
zakhidgtg9bog,zakhidgtg9bog,31,6,329,273,,
LittleOne_Beibi,LittleOne_Beibi,499,1369,44592,38261,Amsterdam,VALENCIA - MADRID.
skazofrenico,skazofrenico,158,421,46789,27145,,Estamos en esto por las drogas
Lourdes180679,Lourdes180679,1962,1965,30267,30837,,
victor_more1,victor_more1,1194,760,26251,6204,Madrid,"Valladolid, Castilla "
FranSolano,FranSolano,579,1240,16337,1053,Madrid,Lorca
PatrySanroman,PatrySanroman,276,131,4976,442,,
GuillemGirona,GuillemGirona,907,371,6900,405,Athens,Girona
Pardehuevos_,Pardehuevos_,419,998,14040,6727,Pacific Time (US & Canada),Mestalla~Stamford Bridge 
celiama9,celiama9,532,77,230,5,,
jordigil96,jordigil96,414,411,25931,31541,Madrid,Deepweb
MathewStrat,MathewStrat,254,436,45752,74038,,The nineteenth floor
Alej037,Alej037,25,35,4270,1888,Pacific Time (US & Canada),
cesvlc,cesvlc,387,848,136467,2371,Madrid,"el Poble Sec, Barcelona"
DoktorZero,DoktorZero,227,821,54781,12813,Madrid,Valenciano en Salou
duotrece,duotrece,356,132,16119,36860,Athens,"Cataluña, España"
Kid_letro,Kid_letro,682,937,105445,54672,,
JorgeOtolio,JorgeOtolio,208,119,5014,3274,Europe/Prague,"České Budějovice, Rep. Checa"
AirMaxDon,AirMaxDon,999,1104,111997,35969,Ljubljana,Internet
_ju1_,_ju1_,1852,50061,119002,109427,Athens,"Alicante, España"
Gabrielestan,Gabrielestan,492,816,6117,1854,Ljubljana,"Torrevieja, mi ciudad."
MarioRMMM,MarioRMMM,293,293,17810,3739,Madrid,Madrid
paco_cambra,paco_cambra,257,264,1501,1596,Athens,
DrSamoano,DrSamoano,429,78,4182,6270,,"Santiago de Compostela, España"
surrendermin20,surrendermin20,100,66,9634,3300,Madrid,BCN
pablo6814,pablo6814,276,109,3981,1341,,"Detroit, MI"
JDCarracedo,JDCarracedo,1306,2033,4297,1461,Athens,"Bilbao, Euskadi"
ThunderKiiwi,ThunderKiiwi,232,783,83361,2925,Amsterdam,Monopolizando tu TL.
Ygritte_Snow,Ygritte_Snow,226,2880,157537,4294,Madrid,Pueblo Libre (País Valencià)
twittaghan,twittaghan,40,91,10415,2951,Athens,
Tofol1914,Tofol1914,205,262,48020,34313,,
Vii1,Vii1,466,434,63985,7932,Madrid,"Madrid, Vía Láctea"
DeathGunMLG,DeathGunMLG,430,169,2384,3406,Pacific Time (US & Canada),Grand Line
SBMontero,SBMontero,1255,905,54129,5264,Azores,Poldavia
EnrikeTheGame,EnrikeTheGame,681,798,43280,31375,Madrid,Graná
toled_ana,toled_ana,43,25,439,922,,
EnRoMayor,EnRoMayor,138,175,4532,2498,Pacific Time (US & Canada),Por ahi
francescoromeo4,francescoromeo4,260,104,7719,77,,España
ShinMadori,ShinMadori,1120,615,212463,20509,Athens,"Side 3, SIEG ZEON!"
fragmentajes,fragmentajes,224,212,13934,569,Greenland,"Bela Vista, SP"
AlexPowerUp,AlexPowerUp,437,988,108421,26849,Madrid,old and bearded lady
rnrlx_bot,rnrlx_bot,1,75,2768,34,Pacific Time (US & Canada),Enlightened Union
SadGuts,SadGuts,275,244,24185,20163,,"A Coruña, España"
antonio_cera,antonio_cera,121,76,1127,954,,
Pablo200206,Pablo200206,81,20,1076,248,,España
marioregueira,marioregueira,893,1463,9559,3334,Madrid,Galiza
Janml99,Janml99,115,127,3025,1352,Madrid,Der Riese
Alex_Subii,Alex_Subii,289,74,530,1870,,
adridibasket,adridibasket,226,166,5247,1749,,gandia
bilduman90,bilduman90,189,567,141559,100,,
pepipussa,pepipussa,224,130,7990,310,,BDN
Greevilr,Greevilr,1352,549,26841,16634,Amsterdam,"Écija, España"
RunemasterLiam,RunemasterLiam,362,334,5240,4100,Amsterdam,Mordor del sur
FernandoVega98,FernandoVega98,202,265,6084,3242,,La Isla
Sandrii_kitty,Sandrii_kitty,177,181,16559,993,Madrid,Somewhere in Neverland
ChibiYoru,ChibiYoru,148,615,99900,80521,Madrid,Dun Modr -  EU
PedroDuranGonz3,PedroDuranGonz3,297,143,704,264,,"Sedaví, España"
arathodic,arathodic,2208,1272,36258,26404,Madrid,
TonnyWanna,TonnyWanna,356,255,6338,4165,Greenland,"Llegando, a dos paradas."
FaidiFawaz,FaidiFawaz,73,37,1397,114,,
SniffyDiffy,SniffyDiffy,732,1612,39070,19784,Amsterdam,"Johannesburgo, Sudáfrica"
Byeluque,Byeluque,53,37,4100,3904,,
robergomez_23,robergomez_23,37,18,396,129,,
ItzZuga,ItzZuga,218,3134,11918,32239,Amsterdam,"Vigo, Spain"
JinxedLilith,JinxedLilith,467,929,50885,8972,Belgrade,Quin Decim
HyDrAxX_,HyDrAxX_,611,77,1079,312,Madrid,404 error
carmancobain,carmancobain,33,198,2810,184,,
Stoyhastaelpelo,Stoyhastaelpelo,667,905,59980,51433,Pacific Time (US & Canada),
ines_saez,ines_saez,1534,734,27657,4820,Madrid,València
Razvieu,Razvieu,683,9020,40483,24,Madrid,Raz Van Bass / Raz Van Buuren
PANAIR1964,PANAIR1964,166,76,12502,1720,Pacific Time (US & Canada),
reydecobos,reydecobos,295,146,7473,4612,Madrid,cáceres
accaro77,accaro77,605,273,6126,18942,,
robotronk1,robotronk1,944,2360,18003,21546,Pacific Time (US & Canada),LibreSpain 
admora_in,admora_in,111,39,8798,6780,,
DaviidA99,DaviidA99,90,30,5034,2984,Amsterdam,Where amazing happens.
Marcosm107,Marcosm107,563,368,12500,11562,Athens,"Dada Land, Dreambeach."
_Nachop,_Nachop,273,366,22865,24694,Pacific Time (US & Canada),He/him
carralportas,carralportas,54,39,5248,6198,,Na miña casa
LaLauriRudie,LaLauriRudie,1113,457,21165,13832,Hawaii,
sergiokfe,sergiokfe,322,171,8613,4454,Belgrade,
LuchaxRojas,LuchaxRojas,1162,473,3210,1371,,España
LynnxNarwhal,LynnxNarwhal,659,463,13413,19122,Pacific Time (US & Canada),INTP
DEF_CON_DOS,DEF_CON_DOS,488,12974,17825,9177,Amsterdam,Madrid (Sur de Europa)
nxadt,nxadt,734,1873,71140,26739,Madrid,"Roma, pero a veces en Pamplona"
telo_azul,telo_azul,642,1735,74289,63752,,En el culo del mundo(me perdí)
MiGulag,MiGulag,82,37,1870,917,Pacific Time (US & Canada),
ndres_reche,ndres_reche,376,377,13514,28679,Ljubljana,¿Crítico? Será de texto. 
pauwinchestah,pauwinchestah,660,910,127667,61684,Madrid,#BLM ♐/bi/CM @circulocolibri
LectoraDolores,LectoraDolores,141,115,197,230,,
cruatanam,cruatanam,137,98,3914,7155,Pacific Time (US & Canada),"Cádiz, Andalucía"
N_Band,N_Band,364,354,638,771,,Truth-through-fiction Land
Jorge_malus,Jorge_malus,145,46,8471,5639,Amsterdam,
aforteso,aforteso,1254,651,6556,624,Athens,
Accountable2019,Accountable2019,611,659,2051,3069,,"Granada, España"
AdriPerea,AdriPerea,329,435,37559,3870,Madrid,"Malaga, España"
TrasgoDelNorte,TrasgoDelNorte,147,110,5838,7998,Madrid,Por El Norte
SantiagoNeg,SantiagoNeg,1845,1381,18723,6672,,Toledo
btxcgnbv,btxcgnbv,5001,2297,127844,16663,Madrid,
jimenezaitziber,jimenezaitziber,539,350,23441,76685,,pais vasco
fredomercury,fredomercury,312,128,5060,251,Madrid,
laauriusdg,laauriusdg,170,720,39825,11485,Greenland,Uviéu
calsojorn10,calsojorn10,272,597,153927,2179,Ljubljana,
er_retuiteado,er_retuiteado,2684,1164,80966,5,Pacific Time (US & Canada),
CorzoMiguel,CorzoMiguel,276,285,1943,5,Madrid,Madrid
FelicidadLazaro,FelicidadLazaro,163,83,4194,8244,,
Rockbledillo79,Rockbledillo79,62,94,11915,0,Madrid,
ManuPlanetario,ManuPlanetario,1186,1466,73070,45295,,Santiago de Compostela/Ogrobe
CesarStrawberry,CesarStrawberry,1368,18579,26494,13778,Amsterdam,Madrid (Sur de Europa)
BBasileus,BBasileus,432,378,1494,1184,Pacific Time (US & Canada),Oviedo
BaeronDallas,BaeronDallas,366,720,47276,49735,Ljubljana,"León, España"
GonzaloAbellan,GonzaloAbellan,1944,609,17121,7003,,Madrid
femiyonki,femiyonki,153,146,13152,4889,Madrid,Murcia
eduvillarblas,eduvillarblas,1225,941,87525,24410,,
heterofobiaviva,heterofobiaviva,439,553,19693,31341,Madrid,MIS COJONES DE HEMBRA
aljadim,aljadim,3978,2757,115065,34915,Madrid, Bilbao...Sarajevo
alguien_neutral,alguien_neutral,185,260,19973,1036,,"España, dictadura democrática"
MarcoAndreFP,MarcoAndreFP,326,53,579,237,Caracas,Snowdin
3Gerar,3Gerar,382,175,28392,16892,Amsterdam,Bjørnøya
MoneyCorruption,MoneyCorruption,6029,6137,115969,69269,Pacific Time (US & Canada),Großdeutsche Reich
jesustejero1,jesustejero1,123,91,443,3,Amsterdam,spain
MaaariaEmece,MaaariaEmece,151,197,23416,2008,Greenland,Donde se abrazan ficus
JudithVV28,JudithVV28,1067,793,44083,3672,,
cr3tin0s,cr3tin0s,634,605,22124,682,London,"Sistema solar, Planeta Tierra"
RogerSampietro,RogerSampietro,568,267,4134,853,Madrid,Barcelona
aguVV,aguVV,590,250,18019,6700,Madrid,"Sevilla, España"
josema0890,josema0890,727,269,10989,2498,Madrid,Science Bitch
VictorMoral,VictorMoral,678,247,13766,8711,Madrid,"Las Rozas de Madrid, España"
clgrcx,clgrcx,298,560,28935,20482,Madrid,PPCC
AReija_,AReija_,1326,465,24570,5598,Amsterdam,Lugo - Vigo
Deadlosito98,Deadlosito98,130,246,48328,62347,Pacific Time (US & Canada),"Barcelona, Cataluña"
GinTonicGirl7,GinTonicGirl7,1435,3671,54427,100723,Madrid, Donde terminan mis huellas
AfroParadise,AfroParadise,378,459,208436,53772,Athens,死肉
nadeyyo,nadeyyo,300,104,2242,146,Madrid,un pequeño pedazo del planeta 
danicuv,danicuv,1543,462,36172,3025,Amsterdam,A Coruña
jalcuten,jalcuten,299,208,1816,62,Madrid,Madrid
sangostian,sangostian,305,95,3840,6715,,"Puig, Comunidad Valenciana"
angelcalleja,angelcalleja,861,18349,86540,2025,Madrid,Madrid / España
_juan_antonio_,_juan_antonio_,282,43,5114,4660,,
Mallus_Malleus,Mallus_Malleus,678,560,51136,13409,Paris,Terrassa
heladit0s,heladit0s,184,183,5079,1661,,Vigo
GrandeIII,GrandeIII,452,515,47725,5167,Madrid,"Sevilla, Andalucía"
IUMORON,IUMORON,327,332,9873,8535,Athens,
oscarbenidorm,oscarbenidorm,1297,1717,47980,7938,Madrid,Benidorm 
PabloSQG,PabloSQG,137,152,13451,13714,Pacific Time (US & Canada),Ciudad Real
BerbiquiS,BerbiquiS,298,210,5337,5432,,"Santa Berga de la Clòtxina, pedania del Piu de l'Àngel i de la Figa de Tatia."
PorcularPartido,PorcularPartido,706,524,5924,70,Athens,
GatRoig,GatRoig,498,86,3970,2649,,RPD de Catalunya
EmiliadeCarinho,EmiliadeCarinho,12836,12815,64498,8644,Pacific Time (US & Canada),Espanhistán
Nathanael,Nathanael,698,791,66996,22564,Madrid,Nevermore
psanmarti,psanmarti,469,379,25254,1555,Stockholm,Catalonia
wesrok,wesrok,522,247,17776,16716,Madrid,Malaga
OsQar,OsQar,180,351,46245,9219,Madrid,Madriz
almarx_,almarx_,331,457,15222,13654,Madrid,"Barcelona, España"
Emma97_,Emma97_,316,423,12452,2663,Athens,"Salamanca, España"
asicamen,asicamen,535,87,5070,2848,,"Barcelona, Spain"
pochemucka_,pochemucka_,777,5864,47149,83311,Pacific Time (US & Canada),PPCC
Com_AChoverov,Com_AChoverov,355,822,81483,2005,Madrid,Mérida City & Port Royal
Sara_gra,Sara_gra,640,1206,32456,7825,Madrid,Madrid
samudelacruz,samudelacruz,890,466,30323,2437,Madrid,"Madrid,Spain"
freemagnum,freemagnum,1655,389,8158,16656,Madrid,Portico
13_topo,13_topo,346,84,2599,181,Greenland,
Jcarlosol,Jcarlosol,1094,313,10108,3180,Madrid,"40.305230,-3.732090"
oscuro_casco,oscuro_casco,76,37,342,865,,
Gloire_,Gloire_,905,227,3799,13,Madrid,
davcimas,davcimas,125,48,683,845,Amsterdam,
umbriel_otaku,umbriel_otaku,345,387,54229,12219,Madrid,"Ciudad Real, La Mancha, España"
NicolasMerino46,NicolasMerino46,457,163,1604,1477,,La que quieras
Ivan_Galiana,Ivan_Galiana,180,148,969,128,,
RCamara22,RCamara22,1216,525,8860,327,Greenland,Madrid
alf_amra,alf_amra,1416,648,3617,1295,Athens,España
Cisner0ss,Cisner0ss,57,67,5768,5499,,"Sevilla, España"
Musica_Mierder,Musica_Mierder,16,10,35,102,,"Los Angeles, CA"
Martixx,Martixx,519,889,46853,10785,Madrid,Fuenla. ADRV.
Davidferpre,Davidferpre,444,153,5725,465,Madrid,Galicia
Zifra,Zifra,298,1140,31861,562,Madrid,"Sevilla, España"
raul_decast,raul_decast,197,114,7527,217,London,
Frikimalismo,Frikimalismo,196,19916,24467,6625,Athens,Al oeste en Philadelphia
SittoGrey,SittoGrey,170,392,25771,6994,Amsterdam,"Madrid, no Madriz gilipollas"
thegonza98,thegonza98,431,383,5872,2053,Pacific Time (US & Canada),
Rahlthor,Rahlthor,720,131,4284,35,Madrid,
Colesterio,Colesterio,301,332,38338,2648,Madrid,Sodomenstaffel.
listocomics,listocomics,695,18057,34593,59364,Madrid,Barcelona
xNekawa,xNekawa,96,56,1376,764,Pacific Time (US & Canada),"Baleares, Islas Baleares"
AnnaBotargues,AnnaBotargues,37,73,4653,2014,Athens,"Lleida, Catalunya"
hydrosound,hydrosound,2936,2086,19125,1961,Europe/Madrid,Madrid
TENGOPOLLON,TENGOPOLLON,3143,896,25628,16670,,En la luna.
prettyviisitors,prettyviisitors,217,201,16324,20022,Amsterdam,País Valencià
anapeterpana,anapeterpana,966,376,19604,11105,Madrid,Los Mundos de Yupy
586ca1383e084c8,586ca1383e084c8,3079,3054,157204,140448,,CASTILLA.
ThePetergente,ThePetergente,103,87,12466,4087,,
angsimpa,angsimpa,3974,4420,330754,129470,Madrid,
maisaruro,maisaruro,1246,1808,107972,87360,Hawaii,españa
PabloUriaDiez,PabloUriaDiez,972,1669,10959,27053,Madrid,España
LyoTheLyon,LyoTheLyon,85,85,6642,5800,,"Girona, Catalunya"
Eduu007,Eduu007,694,359,22562,7520,Amsterdam,Gijón 
FerrariSahu,FerrariSahu,18,16,181,35,,
cerrillar,cerrillar,512,204,5163,10019,,Fiyi
cptn_pastanaga,cptn_pastanaga,1853,914,12224,696,,Barcelona
Heisengkey,Heisengkey,174,110,6869,848,Athens,Farhampton 
Strogolof,Strogolof,309,239,22873,12496,Madrid,El Abismo
JessKapone,JessKapone,485,749,51247,13708,Greenland,Cantabria/Salamanca
maiterreape,maiterreape,747,808,17659,18024,Pacific Time (US & Canada),Sagunt amb el puny amunt.
Thanatos17x,Thanatos17x,171,191,47221,8417,Madrid,Iruña
Estacadebares,Estacadebares,2945,2692,240975,9958,Madrid,
locuspolitikus,locuspolitikus,5123,5039,259040,21918,,"Barcelona, Cataluña"
__Asdfghjklz__,__Asdfghjklz__,2215,1420,54310,66472,Athens,"PV, PPCC. // NAFARROA, EH. "
frank_mathe,frank_mathe,1531,1388,17785,13520,,Humor y Reivindicación
rufernxndes,rufernxndes,208,497,19658,18750,Madrid,Segovia
Ixuai,Ixuai,870,253,1964,2372,Amsterdam,Córdoba
DuraAdri,DuraAdri,92,486,12968,10503,,"Cádiz, España"
miaumiauremiau,miaumiauremiau,2406,3209,67237,17360,Madrid,Barcelona
Volturyon,Volturyon,72,146,30471,6652,,Galiza comunista.
TatuBubu,TatuBubu,455,429,6399,2272,,
eivitanit,eivitanit,4861,3561,80222,2305,Madrid,ibiza / baleares /españa
Cuevas_Aranda,Cuevas_Aranda,638,695,45935,24355,,CORDOBA
NEVENKAWARNING,NEVENKAWARNING,9994,12571,246403,3769,Madrid,
ynomellamo,ynomellamo,310,122,4157,3143,,Entre Mongolia y Babilonia. 
franjbellido,franjbellido,2170,1836,13067,9919,Madrid,Barcelona
AidaMathers,AidaMathers,537,982,10390,24853,Madrid,Poble Paleta Antifeixista
tato1991ur,tato1991ur,3092,2236,42769,12283,Amsterdam,Suiza 
Jimeneses59,Jimeneses59,2360,6570,138562,19825,Athens,
andres_tecno,andres_tecno,307,216,28269,2289,,Fuerteventura. 
CORVIDO1971,CORVIDO1971,1165,309,4093,3682,Pacific Time (US & Canada),"Gijón, España"
1Vision_Critica,1Vision_Critica,2033,1945,1213,1060,,Península Ibérica
cynngalactica,cynngalactica,309,1436,44244,31793,,instaurando un matriarcado
rauleliasol,rauleliasol,7728,7729,58906,38296,Madrid,Logroño (La Rioja)
Ruben_Topo_,Ruben_Topo_,602,518,39538,24608,Madrid,
leckman34,leckman34,400,91,52201,65,Madrid,La classe obrera
ReasonsUnknown_,ReasonsUnknown_,645,2472,167293,286934,Madrid,"Córdoba, España"
Roldier,Roldier,739,14093,36359,109551,Madrid,"Madrid, Comunidad de Madrid"
Fuster_FTW,Fuster_FTW,492,1009,49112,15056,Athens,Madrid
imagine1924,imagine1924,1748,836,39023,27423,,"Valladolid, España"
AmebaCrujiente,AmebaCrujiente,148,91,992,429,Pacific Time (US & Canada),"Segovia, España"
Rai_Say_,Rai_Say_,501,257,9306,5670,Pacific Time (US & Canada),Mordor (Murcia)
PPalacalle,PPalacalle,275,38,1372,235,,
anmay57,anmay57,1709,1825,136353,17134,Europe/Madrid,Alcala de Henares
Danurss97,Danurss97,47,29,250,54,,"Stalingrad, USSR"
AgustinBotines,AgustinBotines,2723,2981,123733,4790,Madrid,Caceres (España)
Rubi99beniR,Rubi99beniR,686,634,22989,20546,Ljubljana,
MrPascual95,MrPascual95,322,248,8634,821,Madrid,"Manzanares el Real, España"
DaniRuedasLopez,DaniRuedasLopez,245,293,21222,1955,Amsterdam,Getafe
mrmarti_,mrmarti_,395,1785,35364,47760,Madrid,Californication 
saurians,saurians,356,190,10682,2694,Greenland,При́п'ять (Valladolid)
jingo25814164,jingo25814164,151,262,38072,291,Athens,españa
jairo_pastor1,jairo_pastor1,807,339,14940,11241,Madrid,
titet81,titet81,1091,715,6017,3788,,
dannielatres,dannielatres,394,509,22902,5148,Athens,maliAñiiiiiiiiiiiaooooooooo
eduardoblanco__,eduardoblanco__,567,406,27888,8116,Madrid,Santander
KimiHimeNya,KimiHimeNya,65,90,26470,480,London,"Islas Canarias, España"
darikdarkness,darikdarkness,303,572,38116,14987,Amsterdam,Brookhaven Asylum.
joselu_ra,joselu_ra,511,140,2367,872,Madrid,
sadgasmito,sadgasmito,215,209,48221,22503,Belgrade,
Matias11D_,Matias11D_,445,1003,140067,242794,London,Barcelona
cuarterman_scm,cuarterman_scm,736,319,5236,1004,,"Getafe, Spain"
Unelar,Unelar,564,30303,200464,77189,Amsterdam,"Bilbao, la hostia"
ashvathaman,ashvathaman,34,17,2900,57,Madrid,
cooI_porygon,cooI_porygon,142,161,22423,38820,Pacific Time (US & Canada),
juliolxxix,juliolxxix,1501,1971,267787,2683,,madrid
DuxAdler,DuxAdler,210,264,43226,30123,Madrid,Metro 2033
ldioteque_,ldioteque_,355,819,73169,14605,Hawaii,Überlin
RoseLecter,RoseLecter,505,1656,68174,62437,Belgrade,@holaxicsss
suggarmarxist,suggarmarxist,785,9373,49956,8117,Pacific Time (US & Canada),con mis femifranquis
196193Jose,196193Jose,1291,1317,70950,54560,,ALCOI (ALACANT)
KanFirnen,KanFirnen,98,33,2981,2505,London,Aquí
raslyy,raslyy,149,152,2821,3684,Pacific Time (US & Canada),
titosparrow,titosparrow,1607,1470,22305,8402,Hawaii,Mediterráneo. Spain
AnibalHerran,AnibalHerran,142,114,5656,432,,
lolitalittle,lolitalittle,823,617,11838,7819,,macaronesia
oierpereda,oierpereda,169,111,901,136,,
GladysLobato,GladysLobato,78,147,726,1000,,"A Coruña,  Galicia "
europaa59,europaa59,315,161,7525,2148,London,
pitihacklab,pitihacklab,1688,425,6926,815,,
emoyoyo,emoyoyo,2202,1188,22824,6382,Berlin,WonderLand
LeftsReview,LeftsReview,2368,1578,89896,23136,Ljubljana,Twitter
cristinvvv,cristinvvv,212,517,50015,41434,,
Ankerton,Ankerton,507,327,20117,5059,Madrid,Southern California.
Angel37513503,Angel37513503,311,113,18276,1472,Pacific Time (US & Canada),
JavierVilches14,JavierVilches14,154,152,10374,3799,,
Crisbb96,Crisbb96,2995,2857,68655,34539,Madrid,Barcelona
marle501,marle501,1423,644,37700,24407,Madrid,
yoli595959,yoli595959,643,951,72341,3110,,
URSS1961,URSS1961,0,18,2474,206,,
J_Alex_Vega,J_Alex_Vega,1630,825,15701,8118,Madrid,
dasumaEsPolitic,dasumaEsPolitic,4788,892,8852,344,Madrid,"Barcelona, España"
danidetuxe,danidetuxe,1210,598,29187,28254,Amsterdam,
VerdesXelCambio,VerdesXelCambio,143,175,9648,9935,,"Andalucía, España"
jorge6880,jorge6880,612,203,6192,9175,Greenland,
GatoHitleriano,GatoHitleriano,929,5808,252580,146066,Madrid,Lago de Fuego Eterno de Satán.
rapgenetic,rapgenetic,923,4518,96470,110466,Brussels,
SrLejia,SrLejia,977,9393,66536,149242,Madrid,FAVcueva
NewZASTeam,NewZASTeam,811,748,20398,3852,Madrid,Santander
XxtianMCH,XxtianMCH,3667,2325,90005,58697,Lisbon,Madrid
juancapergon,juancapergon,380,120,4377,2402,,"Santa Cruz de Tenerife, España"
Bape_Sergio,Bape_Sergio,128,134,5766,2635,Pacific Time (US & Canada),Soledad
Jamilio12,Jamilio12,555,346,17428,575,,
rosvalarg,rosvalarg,2648,2616,159227,63561,Madrid,Huelva. Huelva.
davizm_g_9797,davizm_g_9797,520,259,17330,5385,Madrid,"Valencia, España"
KeydayNeck,KeydayNeck,273,221,4944,2454,Madrid,"Barcelona, España"
846jose,846jose,782,695,19014,11903,,Palma
Pauetoo,Pauetoo,121,80,453,585,Pacific Time (US & Canada),
abrukadabru,abrukadabru,165,617,90122,2076,Madrid,galiza caníbal
IrxnWizard,IrxnWizard,364,161,16924,8160,Pacific Time (US & Canada),Los 90's
korsarakov,korsarakov,812,2269,118894,26570,Amsterdam,País Valencià.
perecullera,perecullera,1480,1928,49762,11074,Amsterdam,
ivanagq_7,ivanagq_7,748,293,10477,9683,,"Madrid, Comunidad de Madrid"
IfeOcio,IfeOcio,1132,900,35521,58,,20870-Elgoibar
DaniCadiz28,DaniCadiz28,7861,9372,134318,63431,Amsterdam,El Puerto de Santa María
aaronrpgi36,aaronrpgi36,266,66,3516,2040,Madrid,"Gijón, España"
RafaGijon69,RafaGijon69,407,354,26668,1913,,"La Luna, Satélite de La Tierra"
Trix69Luisma,Trix69Luisma,2011,1355,44230,42165,Pacific Time (US & Canada),
Joseadpg,Joseadpg,1216,1610,108243,91542,Madrid,Madrid. España
maximors63,maximors63,4228,5396,252863,58251,,Las Palmas de Gran Canaria
Kara_Querida,Kara_Querida,258,307,49452,7584,Madrid,Neverland.
laovejaroja17,laovejaroja17,108,109,344,223,,"Cataluña, España"
Cioffi_,Cioffi_,139,145,2389,629,,
TeresaMontao,TeresaMontao,95,1059,199363,47864,,
guillermofdezg,guillermofdezg,944,1349,43724,158591,Europe/Madrid,ciudad de leones
frycob,frycob,1658,1502,9213,16566,Pacific Time (US & Canada),Africa Occ.Canary Islands
TrafalgarDeito,TrafalgarDeito,94,138,9529,10405,Amsterdam,Comprando en Aliexpress
mismuertxs,mismuertxs,412,823,4846,25185,Amsterdam,"Madrid, Comunidad de Madrid"
manurochez,manurochez,248,691,33159,9807,Greenland,"Madrid, Comunidad de Madrid"
emberdas,emberdas,232,1439,32306,54910,Athens,el parke
monograficotwit,monograficotwit,1574,620,29600,2665,,North by Northwest
Paula__ska,Paula__ska,70,715,40252,18364,Athens,un mar de fueguitos (Madrid)
JuliaBayo1,JuliaBayo1,1362,698,8388,6117,,
PodemosCCCP,PodemosCCCP,1610,3474,103276,107066,Madrid,Desde el Elba hasta el Vostok.
PEvolucionclm,PEvolucionclm,498,165,582,736,,"Castilla-La Mancha, España"
__Shaketsu,__Shaketsu,407,376,15359,16098,,Catalunya Soviética
SRodrigoAH,SRodrigoAH,116,34,2535,112,,
TocawebsReal,TocawebsReal,378,518,9510,1832,,
Moonrider_acme,Moonrider_acme,121,58,2732,7007,,Teldrassil
AlfredHitchog,AlfredHitchog,125,262,35808,11603,Amsterdam,La Ciudad del viento/URSI
IUmerida,IUmerida,1504,1039,7908,3064,Madrid,"Mérida, Extremadura"
jacquesjose48,jacquesjose48,320,234,13605,7872,,"Santa Pola, España635495710"
andres_baco,andres_baco,91,144,4232,2932,International Date Line West,"Terrassa, España"
Bokkata,Bokkata,377,182,12376,3459,Athens,
000120o,000120o,509,3595,650319,88987,Pacific Time (US & Canada),Italia-Roma
ederibarguren,ederibarguren,706,1472,10198,2670,Amsterdam,"Andoain, País Vasco"
MumBronte,MumBronte,411,327,7537,1376,Amsterdam,"Santiago de Compostela, España"
FeliMuriAcedo68,FeliMuriAcedo68,232,133,1336,802,,
vilsalvadir,vilsalvadir,8028,8222,30772,17025,Pacific Time (US & Canada),"Salamanca, España"
vmm7773,vmm7773,45844,56484,55327,74850,Pacific Time (US & Canada),El Infierno
lestorrat13,lestorrat13,56,63,4022,224,,
MomoBux1,MomoBux1,647,171,3228,1367,,
expiresoon,expiresoon,984,290,3811,131,,Barcelona 
contonando,contonando,186,271,31843,12917,,
gulasus,gulasus,439,316,18210,20558,Pacific Time (US & Canada),
laug759,laug759,235,132,7674,7000,,Galicia Canibal
eugeniauxia,eugeniauxia,520,1235,228315,1072,Amsterdam,
humberwiner17,humberwiner17,1068,299,4511,11614,,"Andalucía, España"
mediobelen,mediobelen,62,100,5984,872,,
mcarmen1953,mcarmen1953,93,10,1831,109,,
VeryMadLex,VeryMadLex,204,257,37066,16379,Pacific Time (US & Canada),D4C- Love Train
alerodri23,alerodri23,8,5,104,44,,Vigo
richar,richar,149,232,4454,1250,Pacific Time (US & Canada),"Los Angeles, CA"
AlbertoConchaM,AlbertoConchaM,565,381,23964,9422,,Galicia
AriCelorio,AriCelorio,2012,1007,39826,39732,London,León (España)
Tweela_,Tweela_,1203,465,30141,25805,Madrid,"Barcelona, España"
VilarEstevez,VilarEstevez,78,117,4004,410,Athens,
OSORIO129,OSORIO129,219,157,18444,12415,Athens,"Madrid, Comunidad de Madrid"
_rudegirl8_,_rudegirl8_,280,482,64628,50681,Athens,"Reus, España"
RicBor_3,RicBor_3,135,50,9103,3013,Madrid,
martirioalvarez,martirioalvarez,51,61,4229,2199,Madrid,Fuera de Garantía
xpombo,xpombo,1324,1072,54163,595,Madrid,Pasaia
punktumaca,punktumaca,286,929,32053,32506,Pacific Time (US & Canada),BCN ☭ 
KrysEtc,KrysEtc,146,142,6936,1051,,
Aguamarina65,Aguamarina65,550,199,772,21,Athens,Málaga
Omar4114,Omar4114,433,297,13300,1534,Madrid,Gargantua 
DiegoMzmn,DiegoMzmn,375,69,5709,2614,Madrid,The Rice Fields
ARRECIA,ARRECIA,204,32,2898,4104,Madrid,"Sydney, New South Wales"
lucy96lugo,lucy96lugo,238,182,16206,556,,
MICE_FACTORY,MICE_FACTORY,2214,1338,16192,9154,Bern,Anywhere
SalvadorPerucho,SalvadorPerucho,102,119,26493,560,Athens,Alcantera de Xuquer - València
carlosscid,carlosscid,191,289,34820,442,Madrid,Sevilla
esquivando,esquivando,53,98,13264,4799,Madrid,
MarinaGarcia_14,MarinaGarcia_14,1241,716,13593,3092,Athens, (Girl in a suitcase) Avilés
ciuda_co,ciuda_co,211,23,592,2,,Españastan
SRAM7777,SRAM7777,302,245,21258,1256,,
Josepbenaiges,Josepbenaiges,610,463,5044,3330,Athens,Cabra Feixet - El Perelló
lulu6019,lulu6019,933,594,33937,18192,Amsterdam,
iuogijares,iuogijares,190,273,16423,20,Athens,Ogíjares (Granada)
JuanLlobell,JuanLlobell,189,226,47792,56193,Madrid,Comunidad Valenciana
voygliz_,voygliz_,110,70,12241,16332,Pacific Time (US & Canada),
fra1malo,fra1malo,793,1198,40961,64418,Madrid,República Catalana 
pirulo_rivera,pirulo_rivera,442,24,1940,431,,Huelva España
rcko3,rcko3,2131,2205,198601,27171,,
juanXupino,juanXupino,180,205,2278,2332,,En mi puta casa city
MolleEstrella,MolleEstrella,2433,944,4841,1458,,
ximoilicitano14,ximoilicitano14,847,584,8657,5671,,
AdrianCarPal,AdrianCarPal,349,503,24566,7829,,Sevilla 
bufetalmeida,bufetalmeida,17,32019,57999,5503,Madrid,Spain
serdeluc,serdeluc,1347,332,2320,82,,"Madrid, Comunidad de Madrid"
FaustodelaCalle,FaustodelaCalle,705,617,10806,3027,Athens,
AcostaRoux,AcostaRoux,21,0,4,4,,
Jonathan_HG91,Jonathan_HG91,3356,3243,481595,78212,Amsterdam,Sanlúcar de Barrameda (Cádiz)
isaelbal,isaelbal,492,2300,16168,1788,,
MarianneRants,MarianneRants,494,692,76420,33708,Madrid,Octopus's Garden in the shade
RebelinAluminio,RebelinAluminio,3591,4020,721015,20262,Athens,"La Coruña, Galicia"
EsquerdaUnida,EsquerdaUnida,2223,8173,19542,18458,Amsterdam,Galicia
IsaAranjuez,IsaAranjuez,98,19769,821591,101328,Greenland,Málaga
cpugena,cpugena,1446,916,54789,28710,Madrid,
IUBaena,IUBaena,863,941,21857,2506,,"Baena, España"
JovenesIU_Cant,JovenesIU_Cant,453,841,6757,39,Athens,Cantabria
iupielagos,iupielagos,119,236,5234,68,Madrid,Piélagos. Cantabria
PodemitaParis,PodemitaParis,782,247,5019,4971,Athens,"Paris, France"
JP_TheRipper,JP_TheRipper,1514,1727,67166,25758,Madrid,"San Fernando, Cádiz"
lachicadeayer61,lachicadeayer61,1195,893,23144,3271,,
PakoBree,PakoBree,61,212,47843,15162,Madrid,Debajo de la cama de tu madre
iunida,iunida,9406,473122,67690,17686,Madrid,
Josecrimi,Josecrimi,424,491,6327,899,Madrid,Planeta tierra
Madridista__15,Madridista__15,390,185,897,79,,Santiago Bernabeu
albertshv,albertshv,121,27,1069,893,,
toroloco66,toroloco66,556,275,4793,5014,Ljubljana,
delasinia2,delasinia2,206,103,7461,737,,
sinfucio13,sinfucio13,1561,1439,18010,11348,,"Zaragoza, Aragón"
Leonalopecico,Leonalopecico,104,31,1282,617,Madrid,"Málaga, España"
xerdo_,xerdo_,70,113,3457,6812,Athens,Málaga
LineaGH,LineaGH,167,386,18786,14057,Pacific Time (US & Canada),Donostia
DaniGHSS,DaniGHSS,368,1722,60761,37435,Belgrade,
iSusans,iSusans,106,302,37160,7535,Madrid,Chasing rabbits.
CeroSacrificios,CeroSacrificios,5138,4688,297743,39158,Athens, #ComunidadParaísoFrugal
r4Bt8BK52913N2i,r4Bt8BK52913N2i,57,12,878,826,,
Belcebu__,Belcebu__,430,275,7541,2279,Pacific Time (US & Canada),@DarioPR98 es subnormal
EnriqueRPGS,EnriqueRPGS,1029,1056,25778,7728,Madrid,"Curtiguera, Suancis, Cantabria"
SvdPsyduck,SvdPsyduck,218,347,8908,13700,Pacific Time (US & Canada),Málaga
jotokk,jotokk,2332,505,4419,4258,Paris,BCN 
rimador88AE,rimador88AE,2058,663,279,123,,España
Pabloalbomata1,Pabloalbomata1,450,127,7293,7697,,
Txapilla,Txapilla,523,113,2815,1921,,
Samairi19,Samairi19,473,336,22466,17028,Athens,
atletico47,atletico47,853,1274,97173,10027,Amsterdam,Moratalaz—Madrid-España
bebeagua60,bebeagua60,2549,4249,74329,390,,
bermeanonimo,bermeanonimo,774,254,10572,1890,Madrid,
Isinofos,Isinofos,686,749,25717,2760,Athens,
Tripolla,Tripolla,332,557,87681,11939,Athens,❝ ❞
franjaf1,franjaf1,1638,1062,35486,16054,,Asturias (Tierra)
Cristalhia,Cristalhia,92,1296,115841,50326,,
CarlosCanariete,CarlosCanariete,171,55,296,19,,
quetemuevas,quetemuevas,23610,26753,256677,16871,Pacific Time (US & Canada),Valencia  España
Xharos42,Xharos42,299,625,77895,22925,London,Santa Cruz de Memerife
Mrubih,Mrubih,184,51,973,799,,
JosoLindoso,JosoLindoso,268,1337,239944,206928,Madrid,"Valencia, España"
rojxenfadadx,rojxenfadadx,446,539,14830,10447,Ljubljana,
Fapo07,Fapo07,349,115,4821,6121,Pacific Time (US & Canada),
ivannadie,ivannadie,2027,1897,60622,27231,,
ARKAITX14_4_69,ARKAITX14_4_69,2724,505,127072,11726,Greenland,MIS DOCUMENTOS
JaviIbSa,JaviIbSa,381,170,1344,851,,"Murcia, Región de Murcia"
KoRnsdekelloggs,KoRnsdekelloggs,89,99,22601,9613,Madrid,The deep web
ChillaSaludos,ChillaSaludos,450,477,57219,10455,Greenland,Jerez-Cádiz-Borlänge
ultimoquijote2,ultimoquijote2,128,193,10387,5129,Pacific Time (US & Canada),
LoCampa,LoCampa,474,432,8985,4501,Madrid,Catalunya ll*ll
topial,topial,240,64,13819,10,Madrid,"Cádiz, España"
JavierMedina60,JavierMedina60,180,608,49564,14846,Madrid,DUI
penny__century,penny__century,164,131,281,840,Athens,
Pepmontesinos,Pepmontesinos,1345,603,12328,4693,Madrid,"Madrid, Spain"
juandeco,juandeco,594,265,14017,523,London,
mojacar12,mojacar12,141,432,121853,19756,Hawaii,
Fofi666,Fofi666,622,252,5035,3572,,"Zafra, Badajoz, Spain"
merida2068,merida2068,2394,1601,12338,3638,Pacific Time (US & Canada),"Málaga, España"
ajpoza,ajpoza,3772,4726,36330,7102,Madrid,"MAD City, IsPain."
forgasan,forgasan,244,19,897,220,,"Worcester, MA / Barcelona, CAT"
andobargon,andobargon,133,24,295,83,,
Danyoshib,Danyoshib,95,50,841,18,,
emiliaesteban,emiliaesteban,4231,2134,21746,21544,Athens,ESPAÑA
andresnosenada,andresnosenada,5122,7224,84557,26973,Madrid,Madrid
albagomez98,albagomez98,322,292,6674,11752,,Viladecans / UAB
guanchi1,guanchi1,8401,8792,281371,8245,Georgetown,
Helerandir,Helerandir,64,47,14441,16473,Ljubljana,"Cádiz, España"
AdrianSanchezP2,AdrianSanchezP2,323,392,8475,6956,Madrid,El Morche-Costa (El Morche)
PATRICHI76,PATRICHI76,1799,1177,29828,3896,Madrid,Terrassa
El_Gran_Lama,El_Gran_Lama,153,91,4541,74,Madrid,de paseo por Pavía
NayimWwm,NayimWwm,802,192,4915,6274,,Gotham city
mrodgarw,mrodgarw,157,333,66947,22329,London,
negrumo,negrumo,1025,547,48218,775,,
tose1974,tose1974,248,68,3193,281,,
itziar_nafarroa,itziar_nafarroa,759,402,36692,48788,,
SotoSotogarci,SotoSotogarci,94,21,194,6,,
Don_RqueR,Don_RqueR,449,748,36196,2153,Greenland,Hic sunt dracones
cabell_olmos,cabell_olmos,70,49,4602,4886,,
roger8383,roger8383,0,1,85,0,,
Alejajajandro_,Alejajajandro_,205,72,2653,1798,,Bajo algun puente de Hoen
DCGCOS,DCGCOS,345,927,128400,35563,,Europa del Sur
carmencs07,carmencs07,297,358,27116,35930,,"Santander, España"
santiiago_willi,santiiago_willi,45,45,774,944,Casablanca,Las Palmas
ThiagoxSanchez,ThiagoxSanchez,881,896,40409,54631,Madrid,Asturies
larrimaho,larrimaho,1313,1325,10576,1969,Madrid,España
MariusLaAV,MariusLaAV,366,81,732,4,Madrid,
lavosqui,lavosqui,351,467,104815,3512,,
hermoso_blas,hermoso_blas,8,5,101,118,,
regaliza2003,regaliza2003,2411,3183,211180,76024,Amsterdam,Mi pintor fav: Olivier Rouault
bustamante1957,bustamante1957,134,129,7327,2441,,
MiraLomax,MiraLomax,158,111,9447,5698,,Madrid
Maurhus,Maurhus,211,30,1194,1248,,
alsajano,alsajano,433,476,107839,21122,Madrid,Corazón de #Cantabria
CarlosMartin_,CarlosMartin_,122,924,47460,1269,Madrid,
miguelangelgss,miguelangelgss,659,172,2224,39,,España
LaInesDelPerro,LaInesDelPerro,144,156,3440,2812,,Stalingrado
EscorpionPelado,EscorpionPelado,298,140,5829,2868,,Españistán.
LilianaCuadrie1,LilianaCuadrie1,111,58,4267,7392,,
PeLopez1,PeLopez1,10076,9331,338031,39609,,
spujol__,spujol__,124,79,1333,2675,,
eduardboix,eduardboix,746,166,3283,504,Madrid,Aquí
elisendapineda,elisendapineda,1691,2525,13690,6740,Amsterdam,Barcelona
dikdou,dikdou,1378,558,13655,4043,Arizona,...and you're a snot.
AsunCarretero,AsunCarretero,12973,13199,117989,33118,Madrid,Andalucía
JaviBaratech,JaviBaratech,248,250,8872,896,Madrid,Málaga
Antrodrimadro,Antrodrimadro,2657,1618,54489,199,Europe/Madrid,"Parets del Vallès, Cataluña"
AGUIARMOR,AGUIARMOR,556,359,7835,6536,,"Gáldar, Gran Canaria,España"
AuroCantero,AuroCantero,300,802,129673,54751,,Valencia
mai_keta,mai_keta,1031,433,13240,23574,Athens,"Barcelona, Catalunya"
xavirush1,xavirush1,1699,2724,45186,38813,Athens,Aldeà i catalufo 
alfonsvo,alfonsvo,489,715,29092,3724,Madrid,Barcelona-Brussel·les-OSaviñao
AnaLlames,AnaLlames,2591,2569,195346,7463,,
Feryi60837711,Feryi60837711,170,117,12985,17280,,
elgranganfo,elgranganfo,301,142,2232,1075,,Lebrija 
oscurocoba,oscurocoba,200,61,11046,119,,
IsabelCanovas76,IsabelCanovas76,437,218,24682,29472,Athens,Cerquita del Mediterraneo
jam250363,jam250363,1837,795,10968,5354,,Murcia
jorgeqim14,jorgeqim14,1050,417,14607,4297,,Mi casa
davidrod689,davidrod689,240,232,11560,18361,,
SRalmemdra,SRalmemdra,25,41,6105,5834,,
SARABAZO,SARABAZO,539,326,7623,988,,C V 
camprodon39,camprodon39,810,627,75641,37,Madrid,
AitorTala96,AitorTala96,393,381,2244,544,Pacific Time (US & Canada),Fuenlabrada
maricruzperealo,maricruzperealo,1064,675,52031,25003,,
chorizosiberico,chorizosiberico,934,1952,52667,2755,Madrid,
SiPeroNo1,SiPeroNo1,2080,48474,182329,99,Greenland,"En Babia, y a veces en la luna"
pheloponeso,pheloponeso,3849,2658,49868,34931,Madrid,Sevilla
yoghurtu_ngue,yoghurtu_ngue,2076,1143,29208,16105,Madrid,Former Republic of Xgovia
ElMorris8,ElMorris8,608,2180,4659,8362,Europe/Madrid,
Anita_brosandi,Anita_brosandi,152,74,433,967,,
periodismodebat,periodismodebat,280,278,997,108,Madrid,l'Caleta
Puzeapa,Puzeapa,249,207,7137,18838,Madrid,
xjose101,xjose101,257,300,4365,11869,Pacific Time (US & Canada),krbc/madrid(que no castilla)
AdrianMLomas,AdrianMLomas,193,238,16892,5243,,
TeresaJardi,TeresaJardi,22,43,2938,2121,,
verdugonavajas,verdugonavajas,109,73,6366,728,,
dan2rojo,dan2rojo,285,103,4255,246,Ljubljana,
Ivankhrul,Ivankhrul,887,282,16330,4818,Lisbon,Tierras de la España este
CarlosCascn,CarlosCascn,639,208,32033,4479,Pacific Time (US & Canada),
palomadiaz17,palomadiaz17,2410,2062,114431,83615,,EUSKADI
KeEscolano,KeEscolano,251,53,17928,17309,,
D_Alcazar94,D_Alcazar94,1544,334,14196,8966,Athens,
Ushiroth,Ushiroth,119,137,8231,8652,Pacific Time (US & Canada),"Málaga, España"
juliangrau,juliangrau,1632,1243,92409,90152,,"Barcelona, Catalunya"
Esquitx17,Esquitx17,1921,1918,94219,62260,Greenland,"Vilanna, Girona, Catalunya"
panarria56,panarria56,138,54,2314,5946,,
civiscivil,civiscivil,1871,495,10418,581,Madrid,
CedixSoyYo,CedixSoyYo,74,63,369,113,,
libres_domingas,libres_domingas,570,687,18833,11382,Pacific Time (US & Canada),ojalá en un concierto
ComeHerePuthes,ComeHerePuthes,57,59,192,23,,"Galicia, España"
soymutonto,soymutonto,135,60,2239,567,Pacific Time (US & Canada),
QueroGr,QueroGr,1438,1200,102122,22945,,
CafeYNoticiasJP,CafeYNoticiasJP,4025,3385,7975,212,,Colombia
Franciscoalbaca,Franciscoalbaca,453,535,60109,38359,,
Payaser,Payaser,772,28202,92857,151738,Madrid,"Texas, USA, Barcelona "
AmigosProgresis,AmigosProgresis,1252,681,10487,2620,Europe/Madrid,Alcorcon
BoigDelTerrat,BoigDelTerrat,580,194,9540,8663,Madrid,Mira detrás de ti.
clemente_al,clemente_al,2198,1410,74875,8054,Pacific Time (US & Canada),"Islas Canarias, España"
squantum1714,squantum1714,72,172,62255,465,,
Xuxipc,Xuxipc,277,73861,72856,59798,Athens,Zamora
MinatoBestDaddy,MinatoBestDaddy,399,1699,94095,148236,Madrid,Rakuzan/HOMRA/Kiheitai
__Maiq,__Maiq,459,462,132026,214338,Edinburgh,Grixis - Boros
redlipsexotic,redlipsexotic,1127,666,32113,7466,Madrid,seville
andoni_o,andoni_o,1779,1116,73371,33377,,Eskual rock n rollin
jonedgdg,jonedgdg,258,122,3869,7845,,
m_donis,m_donis,1709,1185,75121,1514,Athens,
TruloxD,TruloxD,201,356,27684,8572,Pacific Time (US & Canada),
RojoDemagogo,RojoDemagogo,174,60,1586,532,,
FlashNoseCat,FlashNoseCat,354,368,19383,3415,Azores,
joserayab,joserayab,1085,739,35382,7561,Madrid,Córdoba
ALCNovelda,ALCNovelda,519,607,8461,66536,Madrid,Novelda
MaripazSDR,MaripazSDR,2378,1548,72403,14273,,Getafe
huelgadehambre9,huelgadehambre9,4805,1146,15875,6718,,
cagigos_mamen,cagigos_mamen,88,112,5070,12551,,
tonnirubio88,tonnirubio88,1431,1512,57476,15628,,Andalucía
garcijarvar,garcijarvar,519,1460,132549,68932,Madrid,Matrix (Provincia de Albacete)
psicolengua,psicolengua,4612,2155,17738,3925,Madrid,Madrid
polinariyagoc0n,polinariyagoc0n,29,9,481,347,Pacific Time (US & Canada),
iagoPodemos,iagoPodemos,2075,864,39823,39135,,
CJNovelda,CJNovelda,213,253,6598,46879,,Novelda
FrikerSalcedo,FrikerSalcedo,356,383,19077,5086,Amsterdam,Génova 13
SergeNicos,SergeNicos,85,11,1103,4,,
fcojaviertorr14,fcojaviertorr14,70,40,908,1783,,"Sevilla, España"
nlk66,nlk66,372,93,1990,3082,,
Ireneecg,Ireneecg,277,506,20964,7449,Athens,Huelva
navegand0,navegand0,697,1622,97124,17455,Madrid,Girona   CAT  |l*I| 
monica_re19966,monica_re19966,233,439,24751,67729,Pacific Time (US & Canada),Madrid/Alemania 
Edelmiro1961,Edelmiro1961,868,2298,82501,28426,Pacific Time (US & Canada),Aquimismo
andreamqq,andreamqq,469,1871,30461,18418,,Canarias
angelesfig,angelesfig,2852,2609,19570,16740,Hawaii,A Guarda
kallavokas,kallavokas,65,14,1831,71,,
ligeretta,ligeretta,93,91,585,45,Madrid,"Barcelona, Spain"
mansan09,mansan09,925,622,23927,5339,,"Murcia,era alta España"
joseriv13006184,joseriv13006184,80,190,41512,14220,,
Vic12io,Vic12io,298,637,19422,27018,Madrid,
PILI93s,PILI93s,4992,3505,59328,31664,Europe/Madrid,
Alfredictor,Alfredictor,76,36,615,891,,
catandy_eff,catandy_eff,252,217,11489,5328,,
jcd1483,jcd1483,1567,321,6428,5637,,Las Palmas de Gran Canaria
maricarvidalsam,maricarvidalsam,2625,2594,352725,67415,,Santander
cabezapercebe,cabezapercebe,733,193,5683,1785,Madrid,Cáceres city
RoqueBarcia,RoqueBarcia,1085,852,63108,39136,,"Cartagena , España"
lmpg_twi,lmpg_twi,282,368,48728,24529,,
salvad_m,salvad_m,1529,1629,194217,36415,Ljubljana,"Catalunya, Europa"
Dibecad,Dibecad,476,197,2103,20,Greenland,Tomares (Sevilla)
kepasawonda,kepasawonda,616,947,59224,64287,Amsterdam,Cantabria
neogeo39,neogeo39,144,171,48942,18362,Berlin,"Menos en España, donde sea"
AliciaLaulet46,AliciaLaulet46,7587,6914,37712,75911,Athens,BCN
izanthekiller1,izanthekiller1,340,43,927,574,,"El Prat de Llobregat, España"
angelsnovoape,angelsnovoape,481,247,9125,7553,,
carpeamorem,carpeamorem,4044,2223,74893,5581,,jardin de las delicias 
Colau5,Colau5,647,167,3398,288,Greenland,Dolingrado
Marinbaldo,Marinbaldo,908,312,12481,208,,"Mar Menor, Murcia, España,"
CKatarsis,CKatarsis,10482,20081,25464,20771,Madrid,
mercedescloilde,mercedescloilde,447,508,37476,42940,,
javimilanista,javimilanista,3476,2432,4847,963,Greenland,
Rubiozag,Rubiozag,434,331,15212,6764,,"Santander, Cantabria"
getaparo,getaparo,461,1685,348684,147,Madrid,
WGaztea,WGaztea,55,41,6218,870,,
ElCascabel13tv,ElCascabel13tv,189,48823,18533,173,Madrid,
Cesarsvlla,Cesarsvlla,316,2421,62216,44180,Hawaii,Sevilla
j0dedor69,j0dedor69,29,21,2056,48,,atapuerca City
focaiguaiterra,focaiguaiterra,2596,1441,71948,58340,,República Catalana. UE
cabajoseba,cabajoseba,71,78,1676,1195,,
dedomuelle,dedomuelle,300,78,4091,647,Madrid,Soy un polaco desos jejejejj
rfernandezjou,rfernandezjou,477,780,103963,37298,,
guiller_espiga,guiller_espiga,55,32,1152,735,,
DanielFerGz,DanielFerGz,214,183,29660,17714,Madrid,"Torrevieja, España"
Flashito_,Flashito_,106,368,108035,23279,Athens,Candadito: @turbotroleo
JoseLuque_41,JoseLuque_41,445,816,93087,19891,Pacific Time (US & Canada),Almería - Wrestlemania
LucasTyrell,LucasTyrell,60,14,680,59,Pacific Time (US & Canada),
spongeb95961656,spongeb95961656,155,7,296,184,,
Lia_PC,Lia_PC,161,128,1755,887,Madrid,Asteroide B612
Archaeopteryx8,Archaeopteryx8,648,451,11807,7399,Athens,
YulianaVK,YulianaVK,1205,872,73578,33613,Zagreb,"El Guinardó, Barcelona"
Anarisd,Anarisd,488,440,20236,7205,Europe/Madrid,Barcelona
GaldutaNago,GaldutaNago,16,5,58,15,West Central Africa,Donde no haya policía.
Juanmipuchalt,Juanmipuchalt,616,380,16434,5663,Madrid,València-Bilbo-Warszawa
carlosasturies,carlosasturies,987,938,15007,9166,Madrid,En Oviedo aunque Cangués
TbykmJr,TbykmJr,427,212,16086,19539,,"Detrás de ti, imbécil. "
aenriquezl,aenriquezl,304,64,4373,1629,,
UalidSarghini,UalidSarghini,149,353,12597,7458,Madrid,Vamos Mi Granada!! 
ShiOfAstora,ShiOfAstora,195,283,34957,52393,Madrid,
Grigorispoem,Grigorispoem,194,287,13495,10578,Pacific Time (US & Canada),Pronto en una caravana.
DavidPiedrafita,DavidPiedrafita,112,22,751,111,Athens,
pepeitorr0,pepeitorr0,1876,1439,46228,745,Pacific Time (US & Canada),Madrid
Javiguanarteme,Javiguanarteme,139,79,1840,515,Madrid,"Zaragoza, Spain"
frikiquark,frikiquark,1377,539,57680,18856,Amsterdam,
guevarache31,guevarache31,2370,897,25133,238,,
DarthVaderBcn,DarthVaderBcn,418,567,51629,154,Madrid,Catalunya 
liverpooldavidm,liverpooldavidm,2044,1748,141515,82044,Madrid,
Doralaacusadora,Doralaacusadora,761,762,2908,1872,Athens,
Arnaiztech,Arnaiztech,364,344,11039,3497,Madrid,Burgos // Guzmán Ribera
apetecaown,apetecaown,357,404,4470,4349,,
rlisistrata,rlisistrata,365,173,2911,191,,
aublavejant,aublavejant,478,380,9625,16722,Madrid,"Barcelona, Catalunya "
junio1969,junio1969,1010,346,11575,1349,Pacific Time (US & Canada),
LLSSerrano,LLSSerrano,2996,2473,37725,17322,Athens,Quarta dimensió
PabloH_A,PabloH_A,1984,234,17324,1692,Amsterdam,http://ask.fm/PabloH_A  
Jordivll,Jordivll,9458,12663,101325,45607,Madrid,"Torrent, Pais Valencià"
antonio59946367,antonio59946367,182,73,2870,11,,
505inc,505inc,215,144,4436,2452,Pacific Time (US & Canada),Madrid
JosDiegoBarrado,JosDiegoBarrado,631,137,793,617,,
numb2106,numb2106,131,45,228,29,,"Valencia, España"
goiri_j,goiri_j,94,28,1356,21,,
JMluque3,JMluque3,37,8,107,311,,
matussera,matussera,60,625,4835,6066,Pacific Time (US & Canada),Muy de mi calle y de mi risa.
nenasub2,nenasub2,590,3487,84227,132205,Pacific Time (US & Canada),"Ordino, Andorra"
westmalle65,westmalle65,501,83,5004,2859,,
marixeruizde,marixeruizde,856,842,14953,6985,Amsterdam,Arrasate | Euskal Herrixa
ThorPolov,ThorPolov,1732,1563,29624,4717,Madrid,
vslponte,vslponte,1505,1554,47242,87155,Madrid,Ponte Vedra - Galiza
Silvicarri,Silvicarri,563,1150,13593,23115,,"Murcia, Rehiyon ng Kanlurang V"
erreharria,erreharria,2172,6313,56603,13284,Amsterdam,Mediocrilandia
amisut,amisut,132,18,111,11,,
maquinandoarte,maquinandoarte,328,201,20189,1525,Athens,españa
ars_magno,ars_magno,206,997,35813,36020,Pacific Time (US & Canada),Den Haag
astridma_96,astridma_96,249,260,5895,6635,,
loronoabogados,loronoabogados,908,1413,1947,210,Amsterdam,"Bilbao, Getxo, Barakaldo."
sabinaaguado,sabinaaguado,4709,3494,43307,24414,Athens,BARCELONA-MADRID 616718464
jfmfernandez201,jfmfernandez201,290,149,2139,327,,
hartodelamafia,hartodelamafia,12,25,1357,430,,
rosacasasaynoza,rosacasasaynoza,454,435,65690,62631,,
Ainho_ao,Ainho_ao,626,244,11267,7410,,
stbnthegreat,stbnthegreat,149,65,10459,15526,Madrid,
JagEstrada,JagEstrada,10,5,526,134,,
Bestgoten,Bestgoten,206,39,523,274,," Madrid, España"
Eduard_Sans,Eduard_Sans,617,459,5705,2052,,
AsunToldra,AsunToldra,610,404,27594,14777,Madrid,
Bistekh,Bistekh,98,63,4159,4839,,"Barcelona, Espanya"
Pluckyto1975,Pluckyto1975,1627,2085,33935,24575,Brussels,Pamplona
tr0k01,tr0k01,899,238,10978,1105,Hawaii,GZ
1jandrolopez,1jandrolopez,9,9,18,1,Madrid,"Almería, España"
58Cramos,58Cramos,338,175,8441,2230,,
davidfeganu,davidfeganu,714,276,4108,2212,,
camacho_com,camacho_com,2237,867,35246,118,Athens,cadiz
DaveBarr98,DaveBarr98,259,179,2776,189,London,
alaznefs,alaznefs,182,116,7528,6000,Amsterdam,Euskal Herria
euroeuropa,euroeuropa,6590,7310,165929,137852,Madrid,1949DONEC PERFICIAM RepúbliCAT
jose_wyrm,jose_wyrm,568,305,10290,6514,,"el baño, mi casa"
Mayi_Ibias,Mayi_Ibias,985,825,40940,3731,,"Ibias, España"
emocionycambio,emocionycambio,6597,7070,230549,63733,Europe/Madrid, Desde Mayo  2014    Barcelona
Anto360nio,Anto360nio,529,197,12989,7841,,Albacete
mxnrrie_,mxnrrie_,723,1156,32626,74666,Athens,"Madrid, España"
EuropaSombria,EuropaSombria,479,101,2378,1587,Lisbon,Espaňa
juanman78734705,juanman78734705,0,0,70,0,Pacific Time (US & Canada),
CloscaRoja,CloscaRoja,731,508,7114,345,Madrid,Manresa - Catalunya
SItunberri,SItunberri,901,471,10847,6569,Pacific Time (US & Canada),
hdcarrefour,hdcarrefour,527,15190,108390,51735,Madrid,Málaga - Spanien
carollm333,carollm333,783,1008,122449,45,Pacific Time (US & Canada),
desobediencia69,desobediencia69,752,983,76634,53152,,
JuanjeAlcon,JuanjeAlcon,845,659,28725,9655,Madrid,Tuna metalera de Sevilla
LNCleon,LNCleon,223,7600,20515,2708,Amsterdam,
_01010011_,_01010011_,542,502,4636,498,Athens,Catalunya
MiguelLorenzo10,MiguelLorenzo10,181,100,4131,1051,,"Albacete, España"
1denmadrid,1denmadrid,243,1167,301650,134,Madrid,"Madrid, Colombia"
dnicatala,dnicatala,1485,7984,153475,115848,Brussels,"Terrassa, Catalunya"
gi_kel,gi_kel,1707,2645,27751,4548,,Catalunya
kdnpv,kdnpv,470,236,33205,16605,Madrid,
RogerYoda,RogerYoda,5986,7644,90549,92089,Madrid,"E Street, Jungleland"
cigarunfumarro,cigarunfumarro,406,1514,70145,112379,Athens,zaragoza - boltanya
dannypeewee,dannypeewee,735,302,6406,1670,Madrid,san sebastian de los reyes
CirunCh,CirunCh,553,427,44137,173,,The Netherlands
trempantempaito,trempantempaito,3343,3143,86523,3655,Paris,
Sra_Iguana,Sra_Iguana,1107,147,7444,392,Pacific Time (US & Canada),Ciudad Autónoma de Buenos Aire
ConsiMiranda,ConsiMiranda,4922,4603,25646,46180,,Palma de Mallorca
angeles_calv,angeles_calv,13,2,26,287,,
BcnLoles,BcnLoles,385,456,31281,15151,,"Barcelona, Spain"
mijailepv,mijailepv,1637,1227,7238,9811,,Galicia
ferrando_diego,ferrando_diego,241,244,614,350,,"Beniarbeig, España"
Zombor007,Zombor007,185,152,2656,1567,,
MariCruzIsasi,MariCruzIsasi,260,327,4109,10040,Madrid,Ciudad Real. España
ma_montse,ma_montse,215,95,10350,3277,,
porkoshark,porkoshark,131,28,245,22,,
ikerbest,ikerbest,393,221,7846,4289,,Gasteiz 
mvallver,mvallver,47,157,8837,5382,Athens,
EngineerCVM,EngineerCVM,142,25,1798,379,,"Valencia, Spain."
JosefaPortales,JosefaPortales,1892,1973,87255,11493,,Alcorcon (Madrid)
jordiv,jordiv,1334,1840,107464,567,Madrid,Barcelona
corocota,corocota,175,47,12565,27,Paris,
toCarlosHuev0s,toCarlosHuev0s,250,191,24782,2304,Belgrade,Los internets
jpgaipo,jpgaipo,829,952,60267,8000,Madrid,El rectángulo de W. W. Ellis
malyilusionada,malyilusionada,170,100,4445,42,,Aguadulce.   Almeria
Chiky_Godoy,Chiky_Godoy,276,43,263,280,,"Madrid, Comunidad de Madrid"
carlesponsi,carlesponsi,1030,4087,17518,6130,Madrid, BCN / Figueres
pintorperez1965,pintorperez1965,1320,1228,30234,4631,,"Sevilla, Andalucía"
dora_nicoletta,dora_nicoletta,10808,12204,240552,213488,,"Barcelona, Catalunya"
rafaeltoussola,rafaeltoussola,2097,1273,23045,1002,Madrid,Lebrija
ferrancererols,ferrancererols,381,154,1964,3255,Copenhagen,
1DCamrynSpain,1DCamrynSpain,320,1418,12567,3052,Athens,Bajo el cielo púrpura de Roma
Archel_6,Archel_6,338,79,11286,6523,,
Rap_Ulsel,Rap_Ulsel,79,40,1805,2634,,Zaragoza
NaryaBlackfyre,NaryaBlackfyre,347,1340,80769,18128,Greenland,Neverland
galcahut,galcahut,240,36,3533,30,,
jancelbes,jancelbes,2432,2380,55180,21757,Madrid,
manel_martinezg,manel_martinezg,107,136,20999,11506,Madrid,
PerillaCaldes,PerillaCaldes,1474,619,9334,128,Athens,
BenayasBena,BenayasBena,301,199,6066,487,,MADRID
judimendikoa,judimendikoa,191,207,30583,10868,Madrid,Euskal Herria
rycclah,rycclah,935,42,713,2,,
Coyuco24Daniel,Coyuco24Daniel,260,161,8254,5833,,
LUCHALTERNATIVA,LUCHALTERNATIVA,698,2183,22161,1454,Amsterdam,
Altair_BlueWolf,Altair_BlueWolf,22,18,2220,3455,,
mohino50,mohino50,226,70,1916,1625,,
ElPutoKanko,ElPutoKanko,29,17,55,29,Madrid,
SatanasChungo,SatanasChungo,443,1651,374,1071,Athens,Infierno
Ramoniii13,Ramoniii13,257,138,5585,247,Madrid,Barceloneta
ManuelCostoya3,ManuelCostoya3,1770,1425,151271,11127,,
joseplata1958,joseplata1958,874,323,21004,7808,,"Barcelona, España"
charliemcgee1,charliemcgee1,655,475,29759,5786,Casablanca,GC
rohandahl89,rohandahl89,1774,756,59888,1,Pacific Time (US & Canada),
hayansorry,hayansorry,180,205,23439,21302,,
patogiacomino,patogiacomino,4246,4718,63457,37551,Madrid,ALICANTE - Spain
lluviatrisan,lluviatrisan,1092,727,9372,21356,,Aquí mismo
Jos3RG,Jos3RG,151,111,8159,14566,Madrid,
villar_caro,villar_caro,640,280,2957,478,,
TheGarci1,TheGarci1,383,359,6885,2710,,EH - Donostia
Jose_Parish,Jose_Parish,289,345,7758,3541,Madrid,Sevilla
PaniTheBoss,PaniTheBoss,703,11918,101002,101519,Madrid,"Lynchburg, TN - València, PV"
EUSKOGUDARI,EUSKOGUDARI,246,406,41657,153,Athens,"Bizkaia, País Vasco"
sergiomellark,sergiomellark,480,586,28332,24209,Madrid,"Distrito 12, Panem (Leganés)"
calimero_alasal,calimero_alasal,5,4,853,7,,
unamillaunpaso,unamillaunpaso,1834,807,36095,18084,Athens,
MikelPerez87,MikelPerez87,133,93,2058,830,,
TONINOVALENCIA,TONINOVALENCIA,946,742,10730,1556,,Valéncia
Sgarcia12SBD,Sgarcia12SBD,5070,4908,5971,459,,"Sabadell, Catalunya, España"
apcc43,apcc43,3288,945,14492,2102,Madrid,
Emcbng96,Emcbng96,78,84,12106,881,,
TELSONIANA,TELSONIANA,5004,1124,30762,130,,"Ciudad de los Angeles,Madrid"
aluniza2,aluniza2,881,1256,30586,7544,Madrid,
PabloSofio,PabloSofio,163,336,16631,4719,Amsterdam,"Alovera, España"
Miguel_H_G_,Miguel_H_G_,211,89,412,541,,
IKarmenkaz,IKarmenkaz,275,201,22330,2144,,
mikelarrietah,mikelarrietah,310,41,4017,39,,
yolanda262,yolanda262,356,762,46986,3154,Greenland,España
skamoni3,skamoni3,428,299,3167,551,Madrid,"Tortosa, Les Terres de l'Ebre"
dfloj,dfloj,323,88,2655,5149,Athens,
CocaMaite,CocaMaite,87,40,407,338,,
domgonpri,domgonpri,607,137,1785,967,,
JBGandul,JBGandul,96,87,1828,234,Amsterdam,Galifrey
Irialume,Irialume,8282,7966,264177,132479,Madrid,
borjabaezabj,borjabaezabj,433,211,773,43,,"Baeza, España"
giftields,giftields,777,374,19871,37300,Madrid,"Mistery Shack, Gravity Falls"
javierfflores,javierfflores,266,152,1916,885,Greenland,Badalona
pilukify,pilukify,160,73,5221,633,,"Parets del Vallès, España"
evaortiz597,evaortiz597,11706,11829,171062,44485,,
SandrixPls,SandrixPls,244,558,81060,25215,Madrid,10880 Malibu Point 90265
marcosbgspain,marcosbgspain,69,150,8513,1206,,"Valencia, España"
AlejandroAntifa,AlejandroAntifa,553,337,5272,1065,,"Stalingrado,URSS"
analuna69,analuna69,542,189,5373,44,,
marc_strike,marc_strike,646,922,20234,9969,Athens,Neverland
AdelaRo90101767,AdelaRo90101767,113,61,4073,590,,
JuanyGar63,JuanyGar63,2804,9472,300599,42529,,Macondo
LeilaYStitch,LeilaYStitch,368,619,7986,1452,Pacific Time (US & Canada),Castilla socialista
rncbsn92,rncbsn92,788,235,11858,1416,Pacific Time (US & Canada),Madrid/Gran Canaria
patxipamplona,patxipamplona,240,150,2712,422,Lisbon,
miguelinpin,miguelinpin,2161,534,6785,8238,Madrid,Lanzarote | Canarias | España
el_amapola,el_amapola,200,86,1060,3,,
isoladafionas,isoladafionas,20,11,1566,11,,
Agente03077434,Agente03077434,87,23,243,144,,
PabloGvx,PabloGvx,182,44,1016,489,,
adrianLG45,adrianLG45,103,179,37588,41304,,Españistán
Lolo_Sev,Lolo_Sev,2291,11370,103462,33341,Pacific Time (US & Canada),más allá de Orión
Mundoconmisojos,Mundoconmisojos,465,1719,35539,3399,Pacific Time (US & Canada),España
nonymousNews,nonymousNews,3459,7617,6778,512,Amsterdam,Ciudadan@s del Mundo
CarmenMayordom1,CarmenMayordom1,204,70,2291,406,,
DEEMIAN666,DEEMIAN666,4472,3660,47212,76,Pacific Time (US & Canada),
rosarobco,rosarobco,15492,16238,342408,181597,Madrid,Madrid
Lluis_Casanovas,Lluis_Casanovas,6953,8642,152029,40354,Madrid,"Reus and Cambrils, Catalunya ."
Garzoners_,Garzoners_,373,506,16110,10757,,En nuestro escaño (i+c)
Manjitklan,Manjitklan,122,141,11581,296,Madrid,kopon
4mayuscula,4mayuscula,202,2621,41496,74181,Europe/Madrid,Jaén - Madrid
ManuelG91623212,ManuelG91623212,2616,1540,63795,4778,,"Cataluña, España"
JohnConstantin1,JohnConstantin1,193,536,110039,57875,,Newcastle
Todd_Hockney,Todd_Hockney,3383,7075,57813,2359,Paris,UK
Jafuselai,Jafuselai,481,652,27065,10212,Madrid,Islas Feroe ojalá
NaiaLaPapaya,NaiaLaPapaya,854,1586,67456,55353,Athens,"A palabras nazis, oídos rojos"
ViasEnri,ViasEnri,1423,1454,65228,30644,,Castellón
SanderLadetu,SanderLadetu,2934,3420,110368,2965,Greenland,
JoseMariArroyo,JoseMariArroyo,1667,841,13904,102,Madrid,
LAblaut,LAblaut,251,45,8468,1041,,
Andres_Boix,Andres_Boix,1213,5140,47741,1323,Paris,
BGB85,BGB85,1508,364,39013,1982,Athens,
AnaJuradoR,AnaJuradoR,487,304,15627,16643,,"Malgrat de Mar, España"
DomingoMachin,DomingoMachin,424,646,9742,11198,London,"Guiniguada, Awanyak n Taknara"
usualminds,usualminds,696,891,1402,601,Madrid,Huelva
fuentedelberro,fuentedelberro,22585,22447,60652,17036,,
naranjorafael2,naranjorafael2,6676,6568,49268,32870,Madrid,"Barcelona, Catalunya "
Rosario_Sanjuan,Rosario_Sanjuan,997,748,23575,7342,Europe/Madrid,
pedrojaviermar2,pedrojaviermar2,4107,4275,75993,15295,,El mundo
RichardRahl21,RichardRahl21,247,507,33548,29726,Amsterdam,
ismitis,ismitis,177,185,45,61,Madrid,
ccclaudiacr,ccclaudiacr,415,1290,41552,26074,Pacific Time (US & Canada),
lapepa1958,lapepa1958,49,34,3254,4686,,
PaulaIglesias11,PaulaIglesias11,416,621,19493,3673,International Date Line West,Cáceres.
hannahbcn1,hannahbcn1,2324,2072,85718,32807,Madrid,"Barcelona, Catalunya"
europa6565,europa6565,783,521,18206,1279,,"País Vasco, España"
mariavazquezgen,mariavazquezgen,453,680,46976,12108,Pacific Time (US & Canada),Galicia
Alberto_MSan,Alberto_MSan,152,166,10249,2962,Madrid,"Badajoz, España"
Espigao00,Espigao00,761,305,8332,657,Amsterdam,@TaaniaZ
queridotonisky,queridotonisky,304,917,160796,73995,Madrid,Mallorca-Club de la Serpiente.
PalPakiyo,PalPakiyo,1402,367,21616,2320,Madrid,
InesGilabert,InesGilabert,508,554,10873,5710,Belgrade,Beniarbeig - País Valencià 
LordPetricor,LordPetricor,276,762,24189,47778,,"Aguascalientes, México"
miralles1980,miralles1980,1166,981,24763,9592,Madrid,"Gouda, Nederland"
ComandanteVimes,ComandanteVimes,467,3614,287999,89528,Madrid,
aurora6501,aurora6501,415,237,20541,4396,Greenland,Logroño España
Kyke197,Kyke197,454,297,14364,7586,,Temerant
farre_esteban,farre_esteban,125,221,24511,15243,,República de Catalunya- UE. 
mariaolivermas,mariaolivermas,679,703,35888,23147,,"Sanet y Negrals, País Valencià"
antoniovl000,antoniovl000,5001,1377,26261,6160,Amsterdam,"Elfocidade, Spain"
PapiChiruli,PapiChiruli,9,9,126,107,,Burkina Faso
CultBetanceira,CultBetanceira,2005,445,4489,1317,Amsterdam,
Hemera81,Hemera81,321,105,3110,764,Athens,
Ccordong,Ccordong,199,182,3052,682,,Córdoba - España
Donovan_Bow,Donovan_Bow,142,497,12237,9979,Athens,
MatiasTrancas,MatiasTrancas,3507,1727,5191,225,,Españistán
plazadelxuquer,plazadelxuquer,426,227,13056,61,,Valencia-budapest
jvelascoerro,jvelascoerro,83,334,102528,2290,,
lescorniflaire,lescorniflaire,1491,2241,29094,15067,Madrid,"República de Catalunya, UE."
TaraEscarlata,TaraEscarlata,3441,5148,286445,111576,,
BartoloMolo,BartoloMolo,113,40,2964,1940,Ljubljana,"Barcelona, Cataluña"
mikeosin,mikeosin,585,341,5650,1119,Madrid,Donostia - Euskal Herria
luk131256,luk131256,30,51,4881,11,,
Dariocofi,Dariocofi,180,131,14176,1883,,
marcedber,marcedber,88,128,18276,9694,London,LANZAROTE
KikeMoratalaz,KikeMoratalaz,568,3050,72829,19512,Greenland,"Barrio de Moratalaz, Madrid"
noebah,noebah,1724,570,25789,6682,Amsterdam,21st Century Ireland-Spain
habladorymalo,habladorymalo,1506,1278,28396,10634,Pacific Time (US & Canada),"Logroño, La Rioja"
romano_nagel,romano_nagel,222,33,1047,55,Pacific Time (US & Canada),Aquí y allá...
AAbienestar,AAbienestar,698,871,1127,613,Madrid,"Comunidad de Madrid, España"
tonimanero1936,tonimanero1936,38,8,57,13,,"Madrid, Comunidad de Madrid"
GabrielFP19,GabrielFP19,646,938,18998,5224,Amsterdam,"Tonga, mon amour"
eidergorostiza,eidergorostiza,1716,3740,134985,215823,Athens,Euskal Herria
p1T25hLLsU6wTSp,p1T25hLLsU6wTSp,111,32,1303,1183,,
woodyleon,woodyleon,252,64,1523,123,Madrid,León (Spain)
lorenzoMangas,lorenzoMangas,244,120,1229,5458,,"Córdoba, España"
ENSANXEMOBB,ENSANXEMOBB,148,290,33691,6947,Athens,La Duat
kontxiportillo,kontxiportillo,181,27,1484,221,,
ArturoRojillo,ArturoRojillo,1723,1900,37157,10829,Greenland, Sarriguren
_Carlos_RqR,_Carlos_RqR,2821,2224,2953,1451,Madrid,
7Josean7,7Josean7,28320,28788,173972,136284,,"Bilbao, España"
EnfermeraTati,EnfermeraTati,516,84,4115,13,London,
kokoak11,kokoak11,285,22,333,34,,
RlCKHES,RlCKHES,3707,15083,101223,18650,Madrid,naz amby isa paige || WSC 2018
jotae1e,jotae1e,141,57,3568,163,Madrid,Barcelona
joseramb,joseramb,79,31,2607,517,Greenland,
V0uk0l,V0uk0l,390,83,1029,1810,,"Madrid, Comunidad de Madrid"
alterego1714,alterego1714,48,18,2488,1758,,
fredengomez,fredengomez,4704,1823,63758,20362,Madrid,"Cádiz, España"
7Xiang7,7Xiang7,340,161,11136,7220,Athens,
BroggiElisa,BroggiElisa,2088,2267,149580,43397,London,"Now, between l'Escala and BCN."
juanma25553,juanma25553,96,81,8641,1882,,
Koldobikax,Koldobikax,338,45,1434,180,,Euskal Herria
Sr_Jfh,Sr_Jfh,164,173,2053,1183,,Mmmi caaaaassa 
jrzurita94,jrzurita94,300,314,10024,763,Amsterdam,Aznalcázar (Sevilla)
germanfonteseca,germanfonteseca,353,302,7796,548,Rome,España
Sertemus,Sertemus,2594,1625,30154,21523,Ljubljana,
manexaltuna,manexaltuna,648,379,1015,136,,
lfgcs,lfgcs,203,83,1084,3124,,
Octavi,Octavi,342,582,20309,42079,Copenhagen,"København, Danmark"
DelponFernando,DelponFernando,5000,2481,7541,4854,,
Rociotovs,Rociotovs,1520,1184,56618,2897,,
gabazkua,gabazkua,51,16,2435,798,Athens,
francesc130,francesc130,2268,2206,134915,25846,Hawaii,Sant Just Desvern
EduFran24,EduFran24,1826,672,58786,55381,Pacific Time (US & Canada),En mi casa
MiguelARevoluci,MiguelARevoluci,2661,1420,51761,24320,Berlin,"Madrid, Comunidad de Madrid"
Cconmemoria,Cconmemoria,3653,4722,75442,1883,Santiago,"Valparaíso, Chile"
V_G_R_,V_G_R_,785,217,6533,446,Athens,"Palencia, Valladolid."
carlisdiezh,carlisdiezh,612,386,15081,11758,,
comoespecie,comoespecie,5145,5067,24820,18815,Pacific Time (US & Canada),Andalucía 
juanjond69,juanjond69,2093,1015,25749,6387,Greenland,
Raikanil,Raikanil,112,486,63847,4841,Greenland,
wiwiaus,wiwiaus,39,73,2293,15158,Pacific Time (US & Canada),
AinaDiazV,AinaDiazV,1989,17573,91460,18398,Amsterdam,"Palma, Països Catalans"
Mari_Sol_GH,Mari_Sol_GH,721,1132,70364,40768,,
TalaEnric,TalaEnric,1006,535,21935,9729,,
blancobello,blancobello,1582,2168,170327,39798,Eastern Time (US & Canada),
salvadorsanvil1,salvadorsanvil1,35331,35435,90646,39615,,***SALAMANCA***
abdelahe64,abdelahe64,344,74,10658,12,,
fermont1965,fermont1965,9191,32799,125837,41695,Athens,sevilla
DaviloKendo,DaviloKendo,45,53,8168,325,,
Posvaserksi,Posvaserksi,533,180,1573,381,Greenland,Mediterraneo de los Fenicios.
bot_otako,bot_otako,0,20,4848,0,Pacific Time (US & Canada),
vanecorlao,vanecorlao,4690,4706,40265,7822,,"Meliana, Comunidad Valenciana"
sergi_alla,sergi_alla,1224,810,28340,483,,
grillearenas,grillearenas,191,133,27318,1448,,Madrid
ffchll,ffchll,647,1210,80297,183751,,
indiggato,indiggato,2760,2864,66514,5398,,
estupefalso,estupefalso,1071,797,97147,8161,,
Ruteoes,Ruteoes,206,202,29734,174,Athens,Barcelona
Robcampnou67,Robcampnou67,2887,3570,214115,21093,Athens,valladolid
keledenxahi,keledenxahi,777,571,6950,1504,,
homopestis,homopestis,1677,2156,46636,39193,,
lupinthebost,lupinthebost,1042,606,33940,15385,,
pakobloom,pakobloom,2962,3001,45994,1962,,
cabiria0203,cabiria0203,2081,3922,110415,67410,Ljubljana,
Einyel16,Einyel16,204,99,62680,25315,Madrid,Carthago Nova
OkamiMarc15,OkamiMarc15,693,646,43442,31920,Madrid,Barcelona
Neon_Templar,Neon_Templar,103,93,3796,2142,Madrid,Madrid/Hellín
PeggyMaswell,PeggyMaswell,1068,1000,13703,4081,Madrid,Catalunya TRAM 1 #ViaLliure11S
martamm06,martamm06,1735,1118,12232,8903,Madrid,País Valencià 
RZigna,RZigna,532,343,11826,15427,Madrid,Calatayud-Tarazona-Zaragoza
Mluisaalarcon2,Mluisaalarcon2,149,54,2189,15,,alaquas
BelenSaP97,BelenSaP97,402,600,36080,4931,Madrid,"Jerez de la Frontera, España "
MartxeloDiaz,MartxeloDiaz,1880,5261,49374,2622,Athens,Iruñea-Donostia
The2_Men,The2_Men,123,45,1357,2805,Madrid,Chernóbil
bender210277,bender210277,2253,4268,151459,183678,,País Valenciá
BergilioG,BergilioG,29,23,614,3668,,
tesigolapista,tesigolapista,337,38,2384,2768,Athens,
mirallers,mirallers,246,24,76,752,,
Antonio16794231,Antonio16794231,91,384,40166,3718,,"Sevilla, España"
nanimiranda2014,nanimiranda2014,1053,1507,45720,19664,Belgrade,Del Mundo.
GARA_ialtuna,GARA_ialtuna,219,1596,3004,68,Brussels,Euskal Herria
SEGUIDORJORGEP,SEGUIDORJORGEP,6764,6548,16213,127,Eastern Time (US & Canada),Colombia
LoFuflunet,LoFuflunet,4130,4260,39732,14546,Madrid,Catalunya
rcabrero75,rcabrero75,2384,37123,35746,54988,,
SoniaTdRosario,SoniaTdRosario,155,187,15751,9693,,
alsanan,alsanan,233,208,8612,148,Madrid,"algemesí, PV"
MrAdrianki,MrAdrianki,34,23,232,183,London,"Barcelona, España, Jamonia"
LocoDeDesatar,LocoDeDesatar,24,39,1628,3393,Madrid,En El Patriarcado
andreumas1995,andreumas1995,2195,406,2926,1380,Madrid,Aldaia (País Valencià)
DGR33654967,DGR33654967,63,111,20528,4769,,
pinrolia,pinrolia,103,54,2715,1619,,
rojos_tomates,rojos_tomates,339,159,720,319,,
_SrPompas,_SrPompas,769,807,71971,12286,Madrid,Celda 562 de Arkham Asylum.
TomasUser,TomasUser,982,323,13780,7911,Madrid,
Javij9,Javij9,1234,1264,80672,558,Madrid,Córdoba
MarBcn04,MarBcn04,1145,831,22120,23436,,
MontarazTrancos,MontarazTrancos,996,1071,9358,5075,Pacific Time (US & Canada),
TonitoLeco,TonitoLeco,1630,1203,38669,33293,,
tapitero,tapitero,54,43,4450,1740,,головка пениса
SoniaEspinar1,SoniaEspinar1,143,165,16991,15936,Athens,
Super_Manu_RC,Super_Manu_RC,63,23,3482,779,Madrid,
fjmolinacampos,fjmolinacampos,598,449,25112,1686,,Málaga 
cleosagas,cleosagas,1005,1027,49044,10925,Pacific Time (US & Canada),
davidpcamarena,davidpcamarena,1308,660,23616,1553,Madrid,"Málaga, Spain"
MiBaires,MiBaires,1633,2205,143507,109628,Belgrade,"Carabanchel, Madrid, España"
pabloferco72,pabloferco72,1120,1033,39869,96568,Madrid," En Benidorm, de Hortaleza."
milagros_andreu,milagros_andreu,1791,637,80941,81674,,"Andalucía, España"
VienenLosIndios,VienenLosIndios,106,112,2262,2230,,Cantabria (España) 
GeminaNpaz,GeminaNpaz,78,31,5304,331,,"Valladolid, España"
RamirezSote,RamirezSote,857,1222,95419,54217,Pacific Time (US & Canada),
guillehoyas,guillehoyas,563,499,5380,5183,Amsterdam,
Potxokli,Potxokli,178,236,13442,45135,Pacific Time (US & Canada),
Pevi26102891,Pevi26102891,207,65,4480,84,,
Shaman_troll,Shaman_troll,295,106,1581,3186,,Zul'Gurub
YORYO25MD,YORYO25MD,645,627,99111,2682,,"Madrid, Villa Vallecas"
Rojinegro125,Rojinegro125,735,676,10705,1573,Pacific Time (US & Canada),
IvalleValle,IvalleValle,556,706,49240,18491,,España 
XavicIIII,XavicIIII,333,139,5338,2496,Dublin,Catalunya
tiblanquitalil1,tiblanquitalil1,33,161,22103,17918,,
BobEstropajo,BobEstropajo,4021,63533,99784,170076,Madrid,bob@bobestropajo.com
hectoorjg,hectoorjg,233,199,3269,3813,,everywhere
victorherrer1,victorherrer1,115,234,18930,6046,,En Zaragoza co
manssiniuno,manssiniuno,592,303,52361,38,,
Bastetlove3,Bastetlove3,5933,9401,146800,109082,,Córdoba
adautoacre,adautoacre,2630,356,6364,8936,,
Xielox1,Xielox1,980,561,32143,15877,,
Tereram2013,Tereram2013,1859,2075,86143,22415,,
lamalpagada2,lamalpagada2,1382,1081,15214,2004,,"A Coruña, Galicia"
Dorifibroamigos,Dorifibroamigos,953,646,16669,288,Madrid,España
pacohortado,pacohortado,1713,2487,59305,6104,Madrid,
agvisus,agvisus,45,30,383,468,,Barcelona 
blackletter98,blackletter98,1341,1652,15598,5249,,España
micro16f84a,micro16f84a,2594,2218,19391,24002,Europe/Madrid,España
DSanter,DSanter,388,480,24272,9724,Pacific Time (US & Canada),Gijon
nuriabenet77,nuriabenet77,3489,5334,295273,185981,Madrid,
__CarmenLopez,__CarmenLopez,9719,11761,80645,29820,Pacific Time (US & Canada),
Manuela08591448,Manuela08591448,159,119,4555,1237,,
martaluciaruiza,martaluciaruiza,1614,1724,57512,35975,,
moradoramon,moradoramon,959,814,19824,87,,"Coslada, España"
TIP_RETURNS,TIP_RETURNS,14088,50355,56152,4824,Hawaii,En un bar de Mossen Femades
1717Carmen,1717Carmen,1940,1327,35165,10561,,
samsonXu,samsonXu,253,244,31640,183,Pacific Time (US & Canada),"Barcelona, Cataluña"
ThePumpkinGrin,ThePumpkinGrin,1090,1092,12991,42943,Athens,Sevilla / Umadhun
merce_blitz,merce_blitz,340,1014,196217,17415,,Barcelona 
eballest9,eballest9,237,94,5789,4299,,
allimite,allimite,3414,2350,78031,54946,Madrid,"Catalunya, España"
ANY1529,ANY1529,457,264,14125,6407,,
oshcar004,oshcar004,2126,3178,57601,4019,Atlantic Time (Canada),"Talcahuano / Valencia, España"
jacamp98,jacamp98,673,1263,140594,13113,Madrid,Alicante
subversivos_,subversivos_,11745,205091,267781,12443,Madrid,
muxaineta,muxaineta,1111,1541,62825,45476,,
manueljarias,manueljarias,21875,29624,40410,7710,Greenland,Toledo
3kko93,3kko93,96,18,1434,960,Pacific Time (US & Canada),
albertomontxo,albertomontxo,142,54,6521,636,Madrid,
pacoeldeltaco,pacoeldeltaco,1012,899,10188,6701,,
roy_swan,roy_swan,4586,4237,54148,49416,,
Jesus_gg9,Jesus_gg9,743,298,8167,1858,Athens,Bar
Waterlord,Waterlord,1066,617,48216,18560,Europe/Madrid,"Huelva, Spain"
Zurine3,Zurine3,74430,74842,330494,78215,Greenland,Bilbao
barnimile,barnimile,894,692,16736,16087,,"Premià de Dalt, Catalunya"
xandascousas,xandascousas,3575,3929,84200,7458,Madrid,A Coruña - España
kabakuk1,kabakuk1,710,226,140696,41982,Amsterdam,
tukaran,tukaran,544,197,7408,3540,Madrid,A Coruña-Marvel-A Coruña
Enfermosbecker,Enfermosbecker,2170,617,15418,3055,Madrid,Zaragoza
Llomismo,Llomismo,148,55,5402,5435,,Euskalerria
IvanSysan,IvanSysan,168,73,3151,176,Belgrade,Drangleic
TheDoctor_Tyler,TheDoctor_Tyler,281,32,225,381,Madrid,En la TARDIS con el Doctor
PIJOAPARTEMARSE,PIJOAPARTEMARSE,485,1078,110391,11846,Madrid,"Almuñécar, España"
carloslitus14,carloslitus14,962,978,115538,2804,,
majara0,majara0,430,16888,63977,46900,Madrid,http://bit.ly/2aBX4nT
NayadeTor,NayadeTor,2275,2271,41142,32811,Pacific Time (US & Canada),
Im_CTO_bitch,Im_CTO_bitch,783,3351,342224,183,Athens,España
Rubmanrique,Rubmanrique,1384,1471,17849,8715,,Ciudad de Madrid
PilarHLuc,PilarHLuc,3283,11466,145658,104971,Madrid,
LaTevaVida,LaTevaVida,423,5749,100449,55788,,Barcelona
amendezsa,amendezsa,11701,10669,24344,1330,Belgrade,
deniskny95yf,deniskny95yf,28,7,349,323,,
underwatercat1,underwatercat1,426,218,3373,2074,,EGEO
pashaiegr,pashaiegr,48,14,633,565,,
PabloRapp,PabloRapp,1058,1603,17625,1334,Madrid,Asteroide B612 (Cádiz-Sevilla)
pestovagulnara6,pestovagulnara6,25,9,346,278,,
LollyMolly75,LollyMolly75,242,305,21343,11178,Pacific Time (US & Canada),The Cluster❇
jamengar38,jamengar38,98,41,5473,53,,
pere_escude,pere_escude,37,12,685,1165,,
loginovayanuar6,loginovayanuar6,27,5,396,337,,
xaviergomes95,xaviergomes95,710,684,15432,6400,,"Candelaria, España"
il_largia,il_largia,558,597,83480,13935,Madrid,"Norton Disney, England"
annitatomas,annitatomas,303,334,36470,7656,Madrid,oh fuck 
adrianMDB96,adrianMDB96,129,122,1472,525,,
Cartasbcn,Cartasbcn,77,44,4253,959,,BCN
MakeCortes,MakeCortes,89,200,4124,10016,Madrid,Rocafort
Anton3_Gz,Anton3_Gz,1270,717,12968,2065,Amsterdam,Sempre en Galiza
emiliogl,emiliogl,329,96,1131,165,Madrid,Madrid
david_orso,david_orso,574,1027,24774,13024,Madrid,Belorado 
VictorMCasco,VictorMCasco,1617,4384,15792,974,Hawaii,"Caceres, Extremadura"
EstherDelRioN,EstherDelRioN,425,443,11649,4424,Amsterdam,
LuciaMontejo,LuciaMontejo,116,995,11101,1013,Madrid,Asturies/ Mundu alantre
gregorio_1995_,gregorio_1995_,1018,819,35809,7500,Madrid,Sevilla
HastaLaPolio,HastaLaPolio,776,141,5017,514,,El coño de la Bernarda
Tito_Hit,Tito_Hit,545,5293,99601,127072,Athens,Entre Sevilla y Cadiz
RaulTarraga,RaulTarraga,1393,1525,14391,7508,Madrid,"San Javier, España"
Tori_Luispi,Tori_Luispi,77,246,10412,6766,,"Madrid, Comunidad de Madrid"
EspejoJM1,EspejoJM1,1257,1411,53028,8143,Madrid,
jorgegmerino,jorgegmerino,1967,2182,14495,12342,Hawaii,
IUnuncamas,IUnuncamas,1955,252,2309,786,Amsterdam,Andalusía
Hackenbukh,Hackenbukh,770,275,9515,4721,Athens,
AngelMentor2013,AngelMentor2013,730,619,44465,42126,,Huesca
TecnoBotijo,TecnoBotijo,181,1750,10222,7179,Madrid,"Botija, Extremadura"
ernst_haffner,ernst_haffner,1015,377,42760,50971,Belgrade,
camparras,camparras,109,59,2014,613,Pacific Time (US & Canada),"Colchester, England"
__Monchi___,__Monchi___,115,1521,38163,40594,Ljubljana,Pokón
Razgri_Z,Razgri_Z,349,473,12918,10465,Madrid,"Málaga, España"
W_Genz0,W_Genz0,277,69,1223,2561,Madrid,Spain
edgarpoe91,edgarpoe91,688,362,6986,4828,Amsterdam,Málaga 
Sassapple,Sassapple,391,349,10752,4775,Lisbon,
eriksino,eriksino,247,127,2757,1302,Athens,
Andresalme,Andresalme,394,355,22126,2019,Amsterdam,
mama_d0rita,mama_d0rita,141,26,642,1407,Amsterdam,
tonyselbor,tonyselbor,1365,1347,3633,14,Caracas,Venezuela
Santifilcar,Santifilcar,245,172,5577,488,Amsterdam,
Malale_Chan,Malale_Chan,102,107,51858,5597,Greenland,España
EstherCld,EstherCld,2960,6708,230609,62877,,
jan_e_kraft,jan_e_kraft,1840,863,11525,5277,,Navarra
pielsolma,pielsolma,1010,1498,119040,21725,Athens,"Cantabria, España"
altoba1965,altoba1965,1502,1536,44222,12873,Madrid,
DieegoVG,DieegoVG,369,155,3354,1990,,"Santander, Cantabria"
PabloCabrejas,PabloCabrejas,232,134,16836,4007,Madrid,
Libres_org,Libres_org,266,451,1979,22,,"Santander, Cantabria"
Feminazi_Zombie,Feminazi_Zombie,152,694,3133,2903,Pacific Time (US & Canada),Hijo del Patriarcadito
sergiocr_,sergiocr_,223,301,17342,5889,Amsterdam,"Toronto, The Great Northern"
quiqueregi,quiqueregi,1254,626,17311,3132,Madrid,"Valencia, España"
2005sjusi,2005sjusi,573,609,27296,15353,Pacific Time (US & Canada),Costa Daurada
gorxi,gorxi,1835,2020,39491,5944,,Barcelona
fisionines,fisionines,706,368,8024,9901,Madrid,Madrid
OndaGlobalMedia,OndaGlobalMedia,1971,421,4675,693,Madrid,España
Tomas_Abril,Tomas_Abril,2152,1004,44149,19663,Madrid,"Ferrol, España"
mygglez,mygglez,356,169,1327,2006,,"Toulouse, Francia"
marealatinoame1,marealatinoame1,344,287,1072,160,,"Madrid, Comunidad de Madrid"
Barbijaputa,Barbijaputa,914,240586,115484,36345,Madrid,#RadFem
69anonimous69,69anonimous69,54,59,642,612,,
Flaco_Favor_,Flaco_Favor_,111,2310,540,185,,Patriarcado
ocelotl101,ocelotl101,493,94,4106,3543,Madrid,
Gua47,Gua47,1246,1329,72868,3874,,
zeliyo,zeliyo,2218,2131,34461,4514,Pacific Time (US & Canada),Redpública de España
Gus0105,Gus0105,173,107,3627,5636,,donde tu quierah mamu
Mostandiella,Mostandiella,264,211,11252,6385,,Asturias
elisamariasi,elisamariasi,1408,951,43787,6428,Greenland,España
apema35,apema35,1843,1527,14171,6656,Central Time (US & Canada),
fpicadov,fpicadov,126,48,4914,3190,,
JanethAChavez,JanethAChavez,1836,3394,1790,162,Eastern Time (US & Canada),"Rayones, Nuevo León"
luciamololo,luciamololo,542,513,10778,4180,Pacific Time (US & Canada),"Oviedo, Principado de Asturias"
alexirurtzun,alexirurtzun,320,358,15197,20008,Ljubljana,"Euskal Herria, Bilbo"
tumamamelamima,tumamamelamima,139,76,3155,2098,,
ignalopez94,ignalopez94,71,145,2799,2249,,
ll_lluis,ll_lluis,88,32,248,114,Pacific Time (US & Canada),"Sueca, País Valencià"
alkesstt,alkesstt,187,190,14193,14804,Amsterdam,"Malaga, Spain"
aangelonib,aangelonib,427,484,30902,10515,Paris,"País Valencià, Països Catalans"
xevivic,xevivic,1927,630,8923,16104,Madrid,vic Catalunya
BoixPascual,BoixPascual,33,21,75,46,,
josele1044,josele1044,1596,1594,56386,3100,Amsterdam,
BelikaGomez,BelikaGomez,283,211,4300,1912,Athens,We are the stars tonight. 
AdrianSB96,AdrianSB96,305,610,39498,3890,Madrid,OVD 
AlejandroFdez9,AlejandroFdez9,152,146,9159,4481,Madrid,"Jerez de la Frontera, España"
MariaMerelle,MariaMerelle,170,16,728,634,, 
ab_manrique,ab_manrique,139,139,21558,1609,Amsterdam,
Trashyusa,Trashyusa,87,37,517,25233,Pacific Time (US & Canada),
EmilioCazorlaL1,EmilioCazorlaL1,161,74,3063,478,,"Barcelona, Cataluña. España."
JulioPazos,JulioPazos,1331,852,14659,4077,Madrid,Vigo
otroindignaomas,otroindignaomas,219,112,8359,5577,Madrid,Españistán
JorgeNu98,JorgeNu98,265,163,2247,621,Madrid,"Mi mente, mi templo."
juansp18,juansp18,1228,695,2692,2967,Greenland,Sevilla - Cádiz
TheRedBerkut11,TheRedBerkut11,1699,639,8007,7612,,De la pàtria del teu cos.
GCOLUDD,GCOLUDD,3011,486,70918,9037,Madrid,
jfelixgomez,jfelixgomez,92,22,272,30,,
Mireiia28,Mireiia28,762,719,20515,10367,Madrid,País Valencià 
BIackesito,BIackesito,218,239,24102,4227,London,Logia's Maintenance Room
cocacolov,cocacolov,160,182,31064,44,Madrid,
racuvi,racuvi,71,566,53594,567,Athens,
FILIGRANAS710,FILIGRANAS710,175,89,2108,1590,,En un lugar de Madrid
5449Jimena,5449Jimena,375,127,5327,920,Pacific Time (US & Canada),Madrid
josealicante68,josealicante68,2235,1177,103760,1404,Madrid,
AnaGarciaArrese,AnaGarciaArrese,234,134,22434,17865,Madrid,"Ames, Iowa, Galiza, spain "
jmasevilla1,jmasevilla1,83,31,336,74,,"Sevilla, España"
lolkdices,lolkdices,233,337,30001,19621,Madrid,"Córdoba, España"
aleixen__,aleixen__,1911,1415,22675,29102,Hawaii,"Guadalajara, España"
danivid99,danivid99,53,48,144,61,,Elo Hell
RialMedina,RialMedina,4098,1887,22660,901,Pacific Time (US & Canada),@Puigreig i @elbaixllobregat
MegaNoKadabra,MegaNoKadabra,179,119,4107,1336,Pacific Time (US & Canada),Calle Ferraz n°70
paisoscatalans,paisoscatalans,4999,4296,44778,60,,Països Catalans
Rubidio80,Rubidio80,315,45,841,392,,
alf_skyline,alf_skyline,331,305,23097,3628,Madrid,"nº 7, calle Melancolía"
blankka78,blankka78,1329,879,22729,4928,,Pandereta country
JosebaComico,JosebaComico,1132,6709,32674,14226,,Marte 
mecasoensoria,mecasoensoria,471,341,12670,1584,Amsterdam,Alive & kicking
delaniano,delaniano,125,12,2255,143,Dublin,
luquinf2011,luquinf2011,115,25,906,1077,Madrid,
domingo_montoya,domingo_montoya,209,301,1859,1150,Amsterdam,
Sr_Recursos,Sr_Recursos,939,168,22255,384,Belgrade,"Municipio Carrizal, Miranda"
asarduy,asarduy,11241,11020,37761,616,Madrid,Madrid
nabilu2,nabilu2,3257,2915,79296,3297,,En un lugar llamado Mundo
hackeralrey,hackeralrey,8117,8201,20937,21162,Madrid,
posoyemaifren,posoyemaifren,179,443,10429,4853,Hawaii,
yom16smo,yom16smo,2138,957,13903,11035,Pacific Time (US & Canada),
LorenAlvarez83,LorenAlvarez83,127,56,3334,240,Brisbane,Santako
89cristinita,89cristinita,414,140,6085,556,Madrid,A Coruña
jimenezrosa756,jimenezrosa756,288,239,10048,9763,,
Hipoxia78,Hipoxia78,6,3,74,28,,
antoniovp_98,antoniovp_98,792,879,79926,76268,Amsterdam,Sevilla➡Jaen
kerrigan_sarahL,kerrigan_sarahL,158,44,1072,1842,Hawaii,
calabuk,calabuk,2561,1962,73205,18271,Madrid,S◉L
AntonioWeezer,AntonioWeezer,100,106,4029,230,Madrid,Madrid
pasteverdiales,pasteverdiales,671,177,130,40,,calle 28 de febrero local n.4 
naranevermind_,naranevermind_,109,56,947,1383,,
Josu_gorria,Josu_gorria,897,661,18188,20879,Berlin,Ipar Euskal Herrian
MisterfachabotZ,MisterfachabotZ,58,41,4184,351,Pacific Time (US & Canada),Zelda
daniel11_10,daniel11_10,131,88,3639,15413,,
blxnddie,blxnddie,386,469,7770,4865,,"Madrid, Spain"
SevillaSFI,SevillaSFI,1471,1395,46625,7393,London,
LeiiMartin,LeiiMartin,186,390,36007,11884,Amsterdam,Sinnoh
